id,business_name,contact_name,email,phone,address,membership_id,notes,website,google_place_id,contacted,hidden,is_member,is_past_sponsor
016fe35c-7f82-4420-bfcb-017cddaaf145,Kona Kitchen - Seattle,,,(206) 517-5662,"8501 5th Ave NE, Seattle, WA 98115",,,http://www.konakitchen.com/,ChIJS9EgJgkUkFQRf06djJkWzn4,false,false,false,false
01c1f8f9-3800-4883-b58f-b0a67d285458,Developer Business Logistics,,,(615) 320-2513,"10732 8th Ave NE APT 1, Seattle, WA 98125",,,https://developerbiz.com/,ChIJFT1PsDARkFQRadqC4IItDdQ,false,false,false,false
0389fb39-4dd6-4958-8d1f-81e46bb2b06f,Stanford's Northgate,,,(206) 834-6277,"401 NE Northgate Way Suite 1106, Seattle, WA 98125",,,https://stanfords.com/locations/northgate/,ChIJlZvFH1QRkFQRuEjAXXT2IaE,false,false,false,false
0528ba63-56f2-4da4-9869-273ecfe4ca32,The Eye Hookah Lounge,,,(206) 906-9280,"8074 Lake City Way NE, Seattle, WA 98115",,,,ChIJnZkcMqoTkFQR61K02ewT118,false,false,false,false
058b54ca-121b-4b0c-ab8e-bc928b79f1f7,Kathy Clayton Coaching,,,(206) 577-3767,"9500 Roosevelt Way NE #305, Seattle, WA 98115",,,http://www.kathyclayton.com/,ChIJwWmVofkTkFQRDJz3Wp4Sgdw,false,false,false,false
05c79c92-e7e1-4dbc-8983-1b420e2e0de3,Test,Test,test@test.com,,,,,,,false,false,false,false
07a8465a-7b27-49f2-b6ec-d0a480fb23e8,Jenerous Bodycare in Maple Leaf,,,(206) 390-4418,"9500 Roosevelt Way NE #212, Seattle, WA 98115",,,http://www.jenerousbodycare.com/,ChIJS2bQgnAVkFQRlUcuzk3FY4o,false,false,false,false
0841de2c-81b1-40be-8ac9-0d77f096bb32,Snappy Dragon,,,(206) 528-5575,"8917 Roosevelt Way NE, Seattle, WA 98115",,,http://www.snappydragon.com/,ChIJOxWO3PcTkFQRYayAXrsAuEg,false,false,false,false
08559705-afca-469a-aeef-64ba98e6b253,Maple Leaf Veterinary Care Center,,,(206) 524-2020,"8626 Roosevelt Way NE, Seattle, WA 98115",,,http://mapleleafvet.com/,ChIJ4XofyAoUkFQRQxx6o3XEXkE,false,false,false,false
08b4b5b6-b4dd-4c1d-a825-36876caa234e,Harrison Court Condominiums,,,(206) 523-0300,"132 Northeast 95th Street, 130 NE 95th St, Seattle, WA 98115",,,https://harrisoncourtcondo.wordpress.com/,ChIJEXWlyQAUkFQRFRbQwQQFlhU,false,false,false,false
08cd2e7a-b361-449e-828c-9d8cb2f8219f,"Tarutis | Legal Solutions, PS",,,(206) 223-1515,"9750 3rd Ave NE, Seattle, WA 98115",,,http://www.tarutislaw.com/,ChIJt9JvDf8TkFQR0NiYfYRmgns,false,false,false,false
09e65286-d049-46ce-a396-52b644be5b1e,The Maple,,,(206) 402-6135,"8929 Roosevelt Way NE, Seattle, WA 98115",,,http://www.themaplepub.com/,ChIJ17bj5_cTkFQRufkt2lLuh6k,false,false,false,false
0aab1eca-d6cf-40ff-974b-d67894ed9202,Northgate Plaza,,,,"Seattle, WA 98115",,,,ChIJIezdoQAUkFQRWZGXCDDDdaw,false,false,false,false
0ad603cf-a619-4460-a5ee-34644a100444,Safeway,,,(206) 525-6348,"7300 Roosevelt Way NE, Seattle, WA 98115",,,https://local.safeway.com/safeway/wa/seattle/7300-roosevelt-way-ne.html,ChIJ4xDXBnMUkFQRWZuPbk3sqqs,false,false,false,false
0e84ae80-e604-4cb1-b428-59f58742f90e,IRIS Data Services,,,(206) 547-0393,"9706 4th Ave NE, Seattle, WA 98115",,,,ChIJPdpiX8oTkFQRm8Q6ER24yMM,false,false,false,false
136eb0b2-0e7c-4778-964d-70a654e4e208,CenterWell Home Health,,,(206) 729-7773,"155 NE 100th St #200, Seattle, WA 98125",,,https://www.centerwell.com/find-care/home-health/location?location=CenterWell%20Home%20Health%20-%20Seattle&hcode=H260&utm_source=Organic&utm_campaign=GBP,ChIJ4SQ7jv8TkFQR2knhj_I1_tM,false,false,false,false
147e0d90-c5a2-41af-b68e-1f94bea788d8,Agewe Mobile Notary,,,(425) 475-0853,"9500 Roosevelt Way NE #205, Seattle, WA 98115",,,http://agewenothery.com/,ChIJS4ycTLUTkFQR9fQCvF3E30k,false,false,false,false
14ba8bbb-22ec-4fd6-851b-3e6746831a79,Salas O'Brien,,,(206) 547-1940,"10202 5th Ave NE Suite 200, Seattle, WA 98125",,,http://www.salasobrien.com/,ChIJm8rGZ_4TkFQRjy3wAV9Uh1U,false,false,false,false
15d5ba54-b8b3-4ce4-a1d1-696ad3e7f128,Bark Espresso,,,(206) 364-0185,"11335 Roosevelt Way NE, Seattle, WA 98125",,,http://www.barkespresso.com/,ChIJHULZmlkRkFQR6ZXOOlmQPJI,false,false,false,false
1684f0cc-4127-4ab7-847a-6fb661b365ca,Maple Leaf,,,(206) 250-9731,"8829 Roosevelt Way NE, Seattle, WA 98115",,,https://www.liveatmapleleaf.com/,ChIJtRBSPKsVkFQRJ6otEi4B2PM,false,false,false,false
1851c0fa-ab6c-4077-869e-5964655eda12,Maple Leaf Reservoir Park,,,(206) 684-4075,"1020 NE 82nd St, Seattle, WA 98115",,,http://www.seattle.gov/parks/find/parks/maple-leaf-reservoir-park,ChIJD21VGwoUkFQRJsVQ1pc8Vno,false,false,false,false
1a2f5ef1-29b0-4756-9dfd-f26a1ac0521d,Beadworld,,,(206) 523-0530,"9524 Roosevelt Way NE, Seattle, WA 98115",,,http://www.beadworldnw.com/,ChIJS6w-dfkTkFQR9bIXEGQmgOs,false,false,false,false
1b13abae-3794-4c7d-9a00-c0f614901343,Seattle Patient Advocates,,,(206) 528-5885,"1031 NE 95th St, Seattle, WA 98115",,,https://seattlepatientadvocates.com/,ChIJe4MUWg8TkFQRjxd2RIlW39k,false,false,false,false
1d5bafba-6a7c-4e22-9a0f-edac6a38281a,Adams Residential Contracting Inc,,,(206) 523-3005,"9422 Roosevelt Way NE, Seattle, WA 98115",,,http://www.adamsresidential.com/,ChIJd2bxbvkTkFQRIVj7gONw7L4,false,false,false,false
1d675c77-1e6a-472e-8a48-75a6577e3f69,Local Seattle Masonry & Construction,,,(206) 317-2191,"10202 5th Ave NE Suite 200, Seattle, WA 98125",,,https://www.localseattlemasonrywa.com/,ChIJjzAsoOcTkFQRfun1uPTQNac,false,false,false,false
1dd419e7-7d56-4856-ab9c-d13262095abd,Sound Point Property Management,,,(206) 397-3829,"8901 Roosevelt Way NE, Seattle, WA 98115",,,http://www.soundpointpm.com/,ChIJd6qkSBcUkFQRzXrFyu1YqIA,false,false,false,false
1e07ae3a-08b3-4ffd-b5b8-a485080f8530,Salon LeJune,,,(206) 708-1752,"8306 5th Ave NE, Seattle, WA 98115",,,https://www.salonlejune.com/,ChIJM6L_cvUVkFQRBq1bJTkjFV0,false,false,false,false
21c3864a-9089-4681-a368-e4252126421f,Modena Pizza & Pasta,,,(206) 523-9999,"8014 Lake City Way NE, Seattle, WA 98115",,,https://order.toasttab.com/online/modena-8014-lake-city-way-ne,ChIJnUgruQoUkFQRtWpMxWo-hTk,false,false,false,false
222dda85-ac9d-48cc-a144-3f3301559090,Maple Leaf Hardware,,,(206) 522-3324,"9000 Roosevelt Way NE, Seattle, WA 98115",,,https://mapleleaface.com/?utm_source=google&utm_medium=local&utm_campaign=localmaps&utm_content=18238,ChIJJfDt6vcTkFQRvQIt0LULfSc,false,false,false,false
236fd291-d170-4b4b-9dc2-bbd13b09c9c9,Kizuki Ramen & Izakaya (Northgate),,,(877) 839-0559,"319 NE Thornton Pl, Seattle, WA 98125",,,https://www.kizuki.com/,ChIJYd0ttf8TkFQRrhTGvfpXTsc,false,false,false,false
23b82237-ad23-4893-9e1c-48a202d8c81b,Project 9 Brewing Company,,,,"1409 NE 80th St, Seattle, WA 98115",,,https://www.project9brewing.com/,ChIJi9JuqSsVkFQRVrDJzThzr64,false,false,false,false
24551b46-cf76-462f-8b27-c92c46f3060d,APM Real Estate Management,,,(206) 364-4481,"8806 Roosevelt Way NE, Seattle, WA 98115",,,,ChIJlQ6u1QkUkFQRW-uNo96eWkA,false,false,false,false
25cf8d40-0b92-4eea-8166-14ae152fa3b6,Eakman Construction,,,(206) 972-2275,"9226 Roosevelt Way NE, Seattle, WA 98115",,,http://eakmanconstruction.com/,ChIJe-aDyfkTkFQRJfdQPUA_7IA,false,false,false,false
25f00e42-10a2-473b-92b3-9dfa1784b7bd,Roosevelt Station - Bay 1,,,,"Seattle, WA 98115, USA",,,,ChIJf_AItm8UkFQR3J5okujcR8Q,false,false,false,false
26288e57-8b0e-4450-a704-0f42536e707a,7-Eleven,,,(206) 524-0660,"9126 Roosevelt Way NE, Seattle, WA 98115",,,https://www.7-eleven.com/locations/wa/seattle/9126-roosevelt-way-ne-14355?utm_source=G&utm_medium=local&utm_campaign=google-local,ChIJvYW4KPgTkFQR3JusedHxFds,false,false,false,false
28d799ac-a889-4e97-847f-ef80a3909437,"Math 'n' Stuff - Puzzles, Toys, and Games",,,(206) 522-8891,"8926 Roosevelt Way NE, Seattle, WA 98115",,,http://www.mathnificent.com/,ChIJ06LVw_cTkFQRWVKTEYLRvdU,false,false,false,false
2ae0abc6-417f-4ae7-8d78-c6e5107c238c,Regus,,,(206) 776-1131,"10202 5th Ave NE Suite 200, Seattle, WA 98125",,,https://www.regus.com/en/us/6444?utm_source=google_uberall&utm_medium=places&utm_campaign=uberall&utm_content=uberall,ChIJ77kYRSgTkFQR_b49z5JTnso,false,false,false,false
3370ac92-3417-405b-83da-ba7c556eb95e,Loxicha Authentic Oaxacan Food,,,(206) 742-2482,"11546-11552, 11546 15th Ave NE, Seattle, WA 98125",,,https://www.facebook.com/Loxicha-food-truck-107792719672471/,ChIJnZdUJlwRkFQROASwoZFjLqw,false,false,false,false
3413dbba-33f6-4456-92d5-766049ca7367,Pavilion Commercial Refrigeration Serv,,,(206) 203-7406,"10712 5th Ave NE, Seattle, WA 98125",,,,ChIJcRgUpboRkFQR2HOSwNh2Ors,false,false,false,false
34a597b8-2634-40c6-bbab-1c8a4fe3a5ad,Anne LW Gould,,,(206) 623-1719,"9500 Roosevelt Way NE, Seattle, WA 98115",,,,ChIJwWmVofkTkFQRVYx_FNwTKFk,false,false,false,false
38f41949-7463-4b2d-87f9-7f0218609a7e,Auberron Group,,,,"155 NE 100th St, Seattle, WA 98125",,,http://www.auberron.com/,ChIJMzpknf8TkFQRBdij70ywk74,false,false,false,false
3b4a097f-8985-43f8-a702-002b509cab03,Pandora's Adult Cabaret,,,(206) 524-6003,"8914 Lake City Way NE, Seattle, WA 98115",,,http://pandorascabaret.com/,ChIJt0_mffETkFQRC4ulguStoew,false,false,false,false
3b87ce09-72e4-42a3-95c0-22f6e7544d38,TRI STAR Team | RE/MAX NW,,,(206) 779-4404,"300 NE 97th St, Seattle, WA 98115",,,http://www.tristarteam.com/,ChIJpb2PIRkTkFQRlFsczyqZhnE,false,false,false,false
3c7427c8-f098-4221-ae7a-42f1c5942a4d,Fairwind Construction,,,(206) 412-4613,"829 NE 94th St, Seattle, WA 98115",,,,ChIJ7_VIPOoTkFQRcgWxiVqA7gg,false,false,false,false
3ea275ce-baeb-43fa-8a15-669c88701bf8,The SweetSide,,,(206) 547-2253,"8310 5th Ave NE, Seattle, WA 98115",,,http://www.thesweetsideseattle.com/,ChIJeU12zFgUkFQRxG64Mq4z1C0,false,false,false,false
41167472-31ba-4369-9dc2-9e624a36fb87,T.J. Maxx,,,(206) 363-9511,"11029 Roosevelt Way NE, Seattle, WA 98125",,,https://tjmaxx.tjx.com/store/index.jsp,ChIJQ-fULVgRkFQR_WJOm-oMZSY,false,false,false,false
4179239c-49c3-4424-8138-a6dcbbf177a4,Fade Zone Barbershop,,,(425) 491-0323,"1415 NE 80th St, Seattle, WA 98115",,,https://book.squareup.com/appointments/y3i7ilpw6hukdb/location/LRFBC7K1WEVR4/services,ChIJDbAkumwVkFQREPAvpiar6Ts,false,false,false,false
43996327-4ad0-471f-8a9d-866bcbf914e7,LTHJ Global,,,,"7511 Greenwood Avenue North, Seattle, WA 98103",,,http://www.lthjglobal.com/,ChIJGRuuN00VkFQR2QkrfS54dFI,false,false,false,false
43b9006c-6e54-43e0-b577-346ee6261380,Northgate Branch - The Seattle Public Library,,,(206) 386-1980,"10548 5th Ave NE, Seattle, WA 98125",,,https://www.spl.org/hours-and-locations/northgate-branch,ChIJdX-1BlYRkFQR1K4KC7eEyMs,false,false,false,false
4572fa81-fc54-4ea8-b80a-48c825c0d760,Hugo's Barbershop,,,(360) 942-7329,"8011 Lake City Way NE, Seattle, WA 98115",,,https://hugosbarbershopsea.com/,ChIJY8FSBaoVkFQRzyS0XKNQ47E,false,false,false,false
467e4d2d-4d17-4824-9124-a3a9e1ee3071,Ohana Fiduciary Corporation,,,(206) 782-1189,"155 NE 100th St Suite 209, Seattle, WA 98125",,,http://www.ohanafc.com/,ChIJyR41AzQRkFQRGihcSrhCWco,false,false,false,false
46d54d41-1644-4b2d-a7c4-54759bab41cb,Kelly Cannoli,,,(425) 345-2743,"11310 Lake City Way NE, Seattle, WA 98125",,,https://kellycannoli.com/,ChIJJ1EDn3ETkFQRtoPtVzEbb60,false,false,false,false
4aed9e3d-39fd-40c7-a113-908f6fb3f079,Chevron,,,(206) 525-8821,"8506 5th Ave NE, Seattle, WA 98115",,,http://www.chevronwithtechron.com/stations/station-finder.aspx,ChIJSVKfJgkUkFQR_KOXSN6CWzE,false,false,false,false
4b471600-69ba-4f5a-a853-3069b8de7fbd,Sierra Faye Kennedy LMT,,,(206) 465-6344,"9500 Roosevelt Way NE 304 (third floor, Seattle, WA 98115",,,https://sierrafaye.com/,ChIJo7GfG9wTkFQRqftPU7BkBe4,false,false,false,false
4b9a6771-74ce-4b9a-acca-13d04564adfb,Baldwyn,,,(206) 350-5541,"10712 5th Ave NE, Seattle, WA 98125",,,https://www.liveatbaldwyn.com/,ChIJqb4fNpMRkFQRlPO28R_n6wo,false,false,false,false
5411203f-1c33-4b01-84bf-072465e78a52,Caring Presence Psychotherapy,,,(206) 367-3058,"9500 Roosevelt Way NE # 210, Seattle, WA 98115",,,https://caringpresence.net/,ChIJwWmVofkTkFQRkv2Rpk03xig,false,false,false,false
551e88c9-b2c3-4b1f-a85f-bd6bfb207a93,Taco Bell,,,(206) 729-0986,"1110 N 90th St, Seattle, WA 98103",,,https://locations.tacobell.com/wa/seattle/1110-north-90th-street.html?utm_source=yext&utm_campaign=googlelistings&utm_medium=referral&utm_term=035314&utm_content=website&y_source=1_NjE0NzAzMC03MTUtbG9jYXRpb24ud2Vic2l0ZQ%3D%3D,ChIJ6zPdWhwUkFQRVz-OSu_tEek,false,false,false,false
5593d0b4-b00b-4249-a637-b88a074850b8,Maple Leaf Foundation,,,(206) 234-9003,"8809 Roosevelt Way NE, Seattle, WA 98115",,,https://home-together.org/,ChIJs8BM0wkUkFQRI56kQ33hrqc,false,false,false,false
571b785e-1159-422f-9084-ded77a6c366e,The Growler Guys,,,(206) 522-2337,"8500 Lake City Way NE, Seattle, WA 98115",,,https://www.thegrowlerguys.com/locations/seattle-northeast/,ChIJq8lCYfQTkFQRm8b5ZJSH52g,false,false,false,false
58c33cdb-d210-4a1c-9aa8-eef78ea52e41,Maple Leaf Plaza Apartments,,,(425) 633-3330,"2021 NE 90th St, Seattle, WA 98115",,,https://www.mapleleafplaza.com/,ChIJgdlDY_ETkFQR3laMSlEsJbU,false,false,false,false
5a20f82d-5c5f-4840-86d3-b606cebdfdf5,32 Bar & Grill,,,(206) 279-7770,"10601 5th Ave NE, Seattle, WA 98125",,,https://www.krakencommunityiceplex.com/venue/32-bar-grill/,ChIJQeT5OTURkFQRq1YBP7bm4JU,false,false,false,false
5aaa85bf-729d-45d0-a662-ead3a8cf43b6,Watershed Pub & Kitchen,,,(206) 729-7433,"10104 3rd Ave NE, Seattle, WA 98125",,,http://www.watershedpub.com/,ChIJgexusP8TkFQRbL-n7XJMhdc,false,false,false,false
5dda1e57-8d2d-4ca0-adf0-fb04e8ee2a03,Gyro SABABA Northgate,,,(206) 367-7000,"2100 N Northgate Way suite E, Seattle, WA 98133",,,https://www.gyrosababa.com/order,ChIJmaWs7NIRkFQRCQxJLggIaUE,false,false,false,false
5efc91cb-ed06-445d-aaa6-9215bd7635f6,Cloud City Coffee,,,,"8801 Roosevelt Way NE, Seattle, WA 98115",,,http://www.cloudcitycoffee.com/,ChIJI3ME0wkUkFQRuYZVJqVvzFo,false,false,false,false
611cdc6d-4865-450e-9132-b7f2f5f4c5fa,Discount Tire,,,(206) 365-1614,"810 NE Northgate Way, Seattle, WA 98125",,,https://www.discounttire.com/store/wa/seattle/s/1270,ChIJ02k8elcRkFQRLZYoTUimB3Q,false,false,false,false
6323cc94-8cf7-4866-9b19-357a05ef3973,Safeway,,,(206) 306-0504,"12318 15th Ave NE, Seattle, WA 98125",,,https://local.safeway.com/safeway/wa/seattle/12318-15th-ave-ne.html,ChIJZ7YkV10RkFQR__sXY3QJ468,false,false,false,false
64020d8a-4dda-4722-9d8b-4baa9a6b5bf5,Reservoir Bar & Grill,,,(206) 528-2107,"8509 Roosevelt Way NE, Seattle, WA 98115",,,https://m.facebook.com/Reservoir-Bar-Grill-111665005537344/?ref=page_internal&mt_nav=0,ChIJr7ZhkQkUkFQRHGHBBROFzEA,false,false,false,false
66b0755b-21cd-4823-9d6c-2534c764a60f,Northgate Station Parking Garage,,,,"120 NE 103rd St, Seattle, WA 98125",,,https://www.soundtransit.org/ride-with-us/parking/seattle-north-king-county/northgate-station-garage,ChIJgdiF4qARkFQRkXdAKOUB-Kk,false,false,false,false
6a0f5111-5389-48b4-9f24-3ca2e956af6a,Uncle Ike's Dispensary Seattle Lake City,,,(206) 436-0044,"11306 Lake City Way NE, Seattle, WA 98125",,,https://ikes.com/stores/lake-city/?utm_source=gmb&utm_medium=organic&utm_campaign=lake_city_gbp,ChIJaQtruXYTkFQRdM-bd2vNRQQ,false,false,false,false
6a392749-7c28-4967-a23b-48f8bf73fdeb,All Ways Caring HomeCare,,,(206) 557-6216,"9706 4th Ave NE #205, Seattle, WA 98115",,,https://www.allwayscaring.com/location/all-ways-caring-homecare-north-seattle-washington/,ChIJ1_RWclMRkFQRx6G9f_GtxuM,false,false,false,false
6cce5867-9b6d-4b67-894c-4593ecb085c5,Maple Leaf Loft,,,,"9524 20th Ave NE, Seattle, WA 98115",,,https://airbnb.com/h/mapleleafloft,ChIJXXT06xQTkFQRL_faW_Hwjiw,false,false,false,false
6e22fe39-15ea-413b-b5ef-3bb605a6e967,Maple Leaf Music Space,,,(206) 661-7807,"1060 NE 100th St, Seattle, WA 98125",,,https://www.facebook.com/MapleLeafMusicSpace,ChIJHW3ihvsTkFQRuoCKpyMplZc,false,false,false,false
6e31c65b-88c8-4221-b36e-ce558c545bb8,Pacha Collective,,,(206) 888-8068,"7119 Woodlawn Ave NE, Seattle, WA 98115",,,https://www.pacha-collective.com/,ChIJHZgLE_8VkFQRQHv7ZHqJzkY,false,false,false,false
713f3de8-b565-4d7a-acae-9199d8f27dfd,Maple Leaf Court Apartments,,,(206) 525-1494,"8620 23rd Ave NE, Seattle, WA 98115",,,,ChIJV_8loRATkFQRH3LUVPjM7Vc,false,false,false,false
73610f9b-8d36-441e-9bf6-3c20092e2ecc,Maple Leaf Community Garden P-Patch,,,(206) 684-4075,"529 NE 103rd St, Seattle, WA 98125",,,https://www.seattle.gov/neighborhoods/p-patch-gardening/garden-list/maple-leaf,ChIJvbY2cP4TkFQRuJzmV-o0cfs,false,false,false,false
74447a2c-c26d-4d47-9e65-8824ff16bb10,Abused Deaf Women's Advocacy Services,,,(206) 922-7088,"8623 Roosevelt Way NE, Seattle, WA 98115",,,http://www.adwas.org/,ChIJaZfKzwkUkFQRAfcFDwvhiD8,false,false,false,false
76368417-1c92-426a-aadd-7cdb2ed1f076,Starbucks,,,(253) 367-5630,"1601 4th Ave NE, Seattle, WA 98125",,,https://www.starbucks.ca/store-locator/store/1031527/,ChIJB1IZQ6URkFQRCSLSUnHJ3WI,false,false,false,false
7abdcc55-c02b-425b-afb1-96ca9c8a12f8,Tengu Sushi Japanese Restaurant,,,(206) 525-9999,"311 NE Thornton Pl, Seattle, WA 98125",,,https://order.online/business/tengu-japanese-restaurant-1029600,ChIJQUO7Lf4TkFQRmyTLbUNAgMc,false,false,false,false
7dcc6b70-d6d2-450a-8e03-b8a933923926,Seattle Waldorf School,,,(206) 524-5320,"2728 NE 100th St, Seattle, WA 98125",,,http://www.seattlewaldorf.org/,ChIJxcu6p-gTkFQRnp26U13puCs,false,false,false,false
7ecdea7f-1280-487a-a169-2eeae490fc64,Poke Cafe,,,(206) 532-6090,"540 NE Northgate Way, Seattle, WA 98125",,,https://www.trezousa.com/,ChIJtQFI2lYRkFQRE4wNw4NOrzU,false,false,false,false
7fa9f85c-cb7d-4c58-92ff-ef3c8eee68e8,North Seattle Towing Company,,,(206) 922-9299,"9522 1st Ave NE APT B7, Seattle, WA 98115",,,http://northseattletowingcompany.com/,ChIJEdgoBDYVkFQREaJBuExPeS4,false,false,false,false
7fdf2fa7-e102-4f0d-8fdf-4c6642f6afa9,Zarr Del Salon Studio,,,(206) 915-7819,"10800 Roosevelt Way NE, Seattle, WA 98125",,,https://zarrdaymaker.glossgenius.com/,ChIJ_QN_DvERkFQRERfQTMEPXII,false,false,false,false
816c674c-6a84-46b8-b74a-ccd14d85d8a0,Accountability Services PLLC,,,(206) 522-0110,"10202 5th Ave NE Suite 200, Seattle, WA 98125",,,https://www.accountabilityservices.com/,ChIJybzoSIAUkFQRfxsjGHcbuqk,false,false,false,false
828bf366-7bc1-4711-991d-ed3c21bf75da,Koehler & Company,,,(206) 682-2680,"9750 3rd Ave NE Suite 101, Seattle, WA 98115",,,http://koehlerandcompany.com/,ChIJ_fbjKk0VkFQR7rUIvZ0lfz0,false,false,false,false
8455f57c-7240-4e13-bfbc-282c06473db3,Regal Thornton Place,,,(844) 462-7342,"301 NE 103rd St, Seattle, WA 98125",,,https://www.regmovies.com/theatres/regal-thornton-place-1937?utm_source=google&utm_medium=organic&utm_campaign=gmb-listing,ChIJSYMDLf4TkFQRjqvEO65GgUs,false,false,false,false
84fed22f-15be-4d2e-8b60-c319cc38753f,Maple Leaf Screen Printing,,,(206) 354-2208,"9202 8th Ave NE, Seattle, WA 98115",,,https://mapleleafscreenprinting.com/,ChIJTyWlbPgTkFQR8iiGtMR13Fg,false,false,false,false
85e1569d-51f0-46ed-869f-299126c6dc11,EdgePoint Apartments,,,(206) 208-2878,"320 N 85th St, Seattle, WA 98103",,,https://www.sheaapartments.com/apartments/edgepoint/?utm_source=gmb&utm_medium=organic&utm_campaign=edgepoint,ChIJWcyMMS4VkFQRPhO7jUrZpSk,false,false,false,false
88c279e2-c720-4fcb-bb10-ef453ce64857,Maple Leaf Mental Health,,,(206) 360-1002,"9706 4th Ave NE Suite 320, Seattle, WA 98115",,,https://mapleleafmentalhealth.com/,ChIJk0QYwFITkFQR3iUJJGD4oOM,false,false,false,false
88ce0dbb-6731-4af5-8e56-5080c7c718e1,Phixer,,,(206) 934-1858,"155 NE 100th St #309, Seattle, WA 98125",,,https://www.phixer.net/,ChIJ7SNem_8TkFQRWUJvWJYEUgA,false,false,false,false
8ae18c82-91ad-4b0d-8c6f-15aec7e36c16,WPI Real Estate Services Inc,,,(206) 522-8172,"9500 Roosevelt Way NE STE 100, Seattle, WA 98115",,,http://www.wpirealestate.com/,ChIJwWmVofkTkFQRsyq3EBzChuw,false,false,false,false
8dc835f4-eef9-4bfa-aa01-6a696c3adf89,Les Schwab Tire Center,,,(206) 522-5422,"9801 Lake City Way NE, Seattle, WA 98115",,,https://www.lesschwab.com/stores/wa/seattle/9801-lake-city-way-ne?utm_source=google&utm_medium=organic&utm_campaign=gmb-homepage,ChIJB5jbnOUTkFQRGG-618avQXE,false,false,false,false
8e27c3b4-223f-4692-aeeb-fc6522a51ba2,Masala of India Cuisine,,,(206) 417-1118,"507 NE Northgate Way Suite G, Seattle, WA 98125",,,https://www.masalaofindia.com/,ChIJ85aSQlwPkFQRWHf24SoqU70,false,false,false,false
907378ad-107e-4e2b-8006-f93cc5acf416,Cafe Javasti,,,(206) 985-9903,"8410 5th Ave NE, Seattle, WA 98115",,,http://www.javasti.com/,ChIJ_2kNMAkUkFQR3i8xVCzxHec,false,false,false,false
91b8e051-4fb0-41b0-a62a-be15b3098c1b,"Midwife Seattle, Inc.",,,(206) 784-2422,"8927 Roosevelt Way NE, Seattle, WA 98115",,,http://www.midwifeseattle.com/,ChIJgbIyIaUWkFQRX3F4DSTA92o,false,false,false,false
91bb7468-a9c6-4eb1-8f79-b8fc8a5a329c,"Frontier Bonding Service, LLC",,,(206) 281-8411,"155 NE 100th St Suite 201, Seattle, WA 98125",,,,ChIJ1TsZg_8TkFQRjlACo7xQiRg,false,false,false,false
91be0090-f95c-40b3-812e-f3fce761de61,"Rooster's Espresso, Inc.",,,(206) 632-6351,"7809 Lake City Way NE, Seattle, WA 98115",,,https://www.facebook.com/roosters.espresso.inc,ChIJRzltMQsUkFQRJ0MqSgNFumo,false,false,false,false
92f99e7c-18de-44e3-8aad-7b281b08c5ac,Green Lake Park & Ride,,,,"6601 8th Ave NE, Seattle, WA 98115",,,,ChIJKekWuXIUkFQR8z6tlovjECQ,false,false,false,false
944c763c-71c2-42cc-b8cb-4be9b32d7d87,Kaiser Permanente Northgate Medical Center,,,(206) 302-1200,"9800 4th Ave NE, Seattle, WA 98115",,,https://wa.kaiserpermanente.org/html/public/locations/northgate,ChIJn9a9Fv8TkFQR0wzyCs4zgEA,false,false,false,false
96710a8e-c632-4dc8-8c2b-f6351d217106,Northgate Executive Center II,,,,"9725 3rd Ave NE, Seattle, WA 98115",,,,ChIJu-jAfP8TkFQRJnXJZMlJIqM,false,false,false,false
979759cc-6a03-4b1e-90ca-97ff04d25eb9,Realtime CD & Dvd Duplication,,,(206) 523-8050,"336 NE 89th St, Seattle, WA 98115",,,http://realtimepip.com/,ChIJgyJYjQAUkFQRG2zzMRXddlU,false,false,false,false
97f6dc26-2fb2-4443-8538-b3ddff497826,Yes Siam Thai Cafe and Bar,,,(206) 403-1994,"8014 15th Ave NE, Seattle, WA 98115",,,https://yessiamthaicafe.com/,ChIJ5QjNO3YVkFQRfkLAVV0Szgo,false,false,false,false
9995ac43-1fc1-425e-83e4-616a8c2627b3,,,,,,,,,,false,false,false,false
9a7820b6-da5e-4855-9387-113c8025cb14,Blooma Tree Experts,,,(206) 714-9835,"8521 Roosevelt Way NE, Seattle, WA 98115",,,https://www.bloomatree.com/,ChIJyyC-SfwTkFQRVDf5k-vGFow,false,false,false,false
9d3d7feb-fc96-49a0-a129-0f8afa414920,Don Lucho's,,,(206) 257-1333,"7919 Roosevelt Way NE, Seattle, WA 98115",,,https://www.donluchosinseattle.com/,ChIJXbOMpzoVkFQROR3PSKiSYpU,false,false,false,false
9e4904c7-c202-4ac7-af6d-7e6022270168,East West Bank,,,(206) 525-8118,"9709 3rd Ave NE Suite 110, Seattle, WA 98115",,,https://www.eastwestbank.com/,ChIJVxLVogAUkFQRIgLM3KaBwa0,false,false,false,false
9e4c16e3-d1c5-4468-bb02-0d0c051e8391,Ban Hua Sai,,,(206) 522-6001,"9400 Roosevelt Way NE, Seattle, WA 98115",,,https://banhuasaiseattle.com/,ChIJE9H5tvkTkFQRnQq6L1v-MbI,false,false,false,false
9ebd3c84-7ec8-4442-a53e-cba242262bbf,Macrina Bakery & Cafe,,,(206) 906-9980,"8501 Roosevelt Way NE, Seattle, WA 98115",,,http://www.macrinabakery.com/,ChIJy4Btx-8VkFQRf9x6EHRIDVE,false,false,false,false
9f304eb7-88b2-4c4f-9bc8-49be548fb06b,Eckstein Middle School (Public 6-8),,,(206) 252-5010,"3003 NE 75th St, Seattle, WA 98115",,,https://ecksteinms.seattleschools.org/,ChIJ5dlVyogTkFQR-YibTNmPPTY,false,false,false,false
a2dfb4ca-952b-4448-8d01-7b19a44ff25b,Phayathai Cuisine,,,(206) 729-2295,"8917 Lake City Way NE, Seattle, WA 98115",,,https://www.phayathaicuisine.com/,ChIJORFsZPETkFQRv63J2M73Bfk,false,false,false,false
a33097f6-207a-4981-bde3-9d489e292950,"Rachel Yang, Skyline Properties, Inc.",,,(425) 979-9966,"9750 3rd Ave NE, Seattle, WA 98115",,,,ChIJyeHccIATkFQR6RTqlcPHbTM,false,false,false,false
a651daa0-7565-42c9-b6b1-71b7b4406263,Maple Leaf Water Tower,,,,"1017 NE 88th St, Seattle, WA 98115",,,,ChIJ_bL2QAAVkFQR5yApR5hv-9A,false,false,false,false
a7c59c56-3cae-4cd3-a3ae-c653224c454d,Blue Saucer cafe,,,(206) 453-4955,"9127 Roosevelt Way NE, Seattle, WA 98115",,,,ChIJray_JfgTkFQRhI6_SlAlB_w,false,false,false,false
a8975bc6-c136-4953-86c0-bdcdfd878241,Manna Teriyaki,,,(206) 364-4064,"11064 Lake City Way NE, Seattle, WA 98125",,,https://order.online/business/manna-teriyaki-54240/,ChIJHx6nxN8TkFQRD1bKMl_shKI,false,false,false,false
a8f9685b-45ec-4762-ab1f-d8d796e44656,Elmecco Inc,,,(206) 526-2808,"9632 Roosevelt Way NE, Seattle, WA 98115",,,http://www.elmecco.com/,ChIJ69WVaPkTkFQRuh65gMy1p1s,false,false,false,false
aa3b3683-2f4a-4553-a4a1-afd2ce9f415f,Modera Northgate,,,(206) 456-7003,"10631 8th Ave NE, Seattle, WA 98125",,,https://www.moderanorthgateseattle.com/?switch_cls[id]=95005&utm_source=google%20-%20entrataseo&utm_medium=organic&utm_campaign=gmb&utm_content=website%20click,ChIJFcRUKgARkFQR7KYniuon_vc,false,false,false,false
aa71d767-5c70-4c60-a904-ad469ee7df61,Maple Leaf,,,,"Maple Leaf, Seattle, WA",,,http://www.mapleleaflife.com/,ChIJhWgTFPkTkFQR3iulByGjqFc,false,false,false,false
ab09277e-596d-486a-b573-41d4beecab70,Mexican Seoul,,,,"1409 NE 80th St, Seattle, WA 98115",,,https://www.mexicanseoul.com/,ChIJlyZs5FQVkFQRGjo7PUKKJ50,false,false,false,false
af1605f7-0d76-49e9-bea4-e484cd82c9a6,Metcalf Robin,,,(206) 551-4106,"9500 Roosevelt Way NE, Seattle, WA 98115",,,,ChIJwWmVofkTkFQRHWb9bYmWtc8,false,false,false,false
af98c24d-c6f1-4ddb-ac6e-c56e9c38d6c2,Seattle Athletic Club Northgate,,,(206) 522-9400,"333 NE 97th St, Seattle, WA 98115",,,https://www.sacng.com/,ChIJVxzAVv8TkFQRnIfhC4JEr44,false,false,false,false
b0396f38-1809-4605-b79f-c5e6f96f0481,"Landau Associates, Inc.",,,(206) 631-8680,"155 NE 100th St Ste 302, Seattle, WA 98125",,,http://www.landauinc.com/,ChIJmUOrH_8TkFQRHyb9X0ml-b4,false,false,false,false
b0870e78-e4c7-4c36-b851-5f394e53e588,Jewel Box Cafe,,,(206) 432-9341,"321 NE Thornton Pl, Seattle, WA 98125",,,http://www.jewelboxcafe.com/,ChIJ90KtSf4TkFQRWDKECY23laA,false,false,false,false
b08a37ab-18c6-4257-9740-94b99818cf2b,Maple Leaf Health Associates,,,(206) 650-7896,"9500 Roosevelt Way NE #201, Seattle, WA 98115",,,,ChIJJ163ofkTkFQRxAY1jYh0NX4,false,false,false,false
b209584c-3fe7-4f15-9833-cd72298c0ca7,QFC,,,(206) 361-4849,"11100 Roosevelt Way NE, Seattle, WA 98125",,,https://www.qfc.com/stores/grocery/wa/seattle/northgate/705/00866?cid=loc_70500866_gmb,ChIJscNhs1kRkFQRgzWW3rh3mYs,false,false,false,false
b2453b41-4ce4-400f-b470-56fe963a25e8,Thornton Place,,,(844) 541-2393,"337 NE 103rd St, Seattle, WA 98125",,,https://www.thornton-place.com/?rccustomid=NDg4OTE%3D-gBIho9%2BsG5s%3D&utm_source=gmb&utm_medium=organic,ChIJu8SndP4TkFQRlK1dxduxoPY,false,false,false,false
b2a119df-0669-43bf-b925-0f99c57b6f19,Full Tank Coffee,,,,"1409 NE 80th St, Seattle, WA 98115",,,https://www.fulltankcoffee.com/,ChIJjb99vWIVkFQRU2Wt04hZ8yM,false,false,false,false
b5180160-8295-4446-8736-2e0c4a7ab759,Starbucks Coffee Company,,,(206) 361-4849,"11100 Roosevelt Way NE, Seattle, WA 98125",,,https://www.starbucks.com/store-locator/store/8532,ChIJOSA8y1kRkFQRrFzRzREKh4I,false,false,false,false
b54fa4f7-d6ad-4f82-9f2d-2f67d82786da,Coco Aesthetique,,,(206) 594-4450,"320 NE 97th St Ste C, Seattle, WA 98115",,,https://www.shmilyaesthetics.com/,ChIJDxsrpyMTkFQRxPm9Yk6XSoI,false,false,false,false
b68e4e51-67ee-44c3-b76d-ad10b3956560,The Shambles,,,(206) 659-0074,"7777 15th Ave NE, Seattle, WA 98115",,,http://www.theshamblesseattle.com/,ChIJ-eAVyQoUkFQRwP82Pl5GpkM,false,false,false,false
b7b68a03-3df7-4c36-941c-63d65bdb1776,Tina M Carpenter,,,(206) 523-5173,"9711 8th Ave NE, Seattle, WA 98115",,,,ChIJr7hTzf4TkFQR8D4I5V-mF7s,false,false,false,false
b8243508-01bc-4445-b2f0-68dfe2f14328,Maple Leaf Property Management,,,(206) 250-7367,"8809 Roosevelt Way NE, Seattle, WA 98115",,,http://mapleleafmgt.com/,ChIJEfYfVPYTkFQRSGFBPnPT9XQ,false,false,false,false
b9c467b2-f2c4-4a3a-af4f-823d2be0f76b,Monarca Express Food Truck,,,(206) 931-7220,"8721 Lake City Way NE, Seattle, WA 98115",,,http://ordermonarcaexpressfoodtruck.com/,ChIJPU5P8_MTkFQRWqMUZHzH7lw,false,false,false,false
bb6a13b9-95ba-45ef-ab19-0189b196389d,Refino Services LLC,,,(206) 260-1509,"9706 4th Ave NE #401, Seattle, WA 98115",,,http://www.refinoservices.com/,ChIJJdHlzVEVkFQR6t2CpS30UQo,false,false,false,false
bc08bbeb-170d-4950-95aa-c7cbcc0e564e,Guild Mortgage Company,,,(206) 623-4446,"155 NE 100th St Suite 400, Seattle, WA 98125",,,https://branches.guildmortgage.com/wa/seattle/north-seattle-249.html,ChIJIzvUkf8TkFQRDTZknCMtvoA,false,false,false,false
bff9d0e7-72cf-48a8-86a8-b9d75ea857be,Maple Leaf Wellness,,,(206) 525-8078,"11300 Roosevelt Way NE Suite 200, Seattle, WA 98125",,,http://mapleleafwellness.com/,ChIJBag0J_gTkFQRU3rEnEqqIC4,false,false,false,false
c020db73-c42e-4cd5-aaa4-a6de9a7b9076,Roosevelt,,,,"Seattle, WA 98115, USA",,,https://www.soundtransit.org/ride-with-us/stops-stations/roosevelt-station,ChIJ1X3KKnAUkFQRORlACMu5T0k,false,false,false,false
c0f6445c-55fc-467d-8c65-bbb7d76dcb8a,Seattle Wallpaper Hanger,,,(425) 800-8143,"9725 3rd Ave NE, Seattle, WA 98115",,,https://seattlewallpaperhanger.com/,ChIJiwADqhITkFQRj_os65eAzsk,false,false,false,false
c27aa87b-51b1-4e9e-92b6-00bf20312872,Lee Johnson Mazda of Seattle,,,(206) 634-1191,"8100 Lake City Way NE, Seattle, WA 98115",,,https://www.mazdaofseattle.com/?utm_source=google&utm_medium=organic&utm_campaign=gbp&utm_content=website_link,ChIJuboPVPUUkFQR_RtNAYIW5Wk,false,false,false,false
c354c17f-4517-4122-9aef-61b0cdbbe059,Zaina,,,(206) 528-3876,"8000 Lake City Way NE, Seattle, WA 98115",,,,ChIJ507ZxgoUkFQRyhHpoPmYVlc,false,false,false,false
c372a9ba-605e-4b49-9398-a2dc61548eec,Chiang's Gourmet,,,(206) 527-8888,"7845 Lake City Way NE, Seattle, WA 98115",,,http://chiangsgourmetseattle.com/,ChIJ_-VzJwsUkFQRg_p19UuEKJo,false,false,false,false
c7443e4f-9132-46af-8cb2-da98e3b5d7c9,Emily Hilderman,,,(206) 528-8000,"314 NE Thornton Pl, Seattle, WA 98125",,,http://www.uwmedicine.org/bios/emily-hilderman?utm_source=extnet&utm_medium=organic&utm_campaign=website_clicks&y_source=1_MTAwNDcxMjc1MC03MTUtbG9jYXRpb24ud2Vic2l0ZQ%3D%3D,ChIJTRuMNP4TkFQR5VxZTkeNn-c,false,false,false,false
c76b0305-0de4-44b8-941b-fd7b539869aa,CW Title and Escrow - Northgate,,,(206) 639-6500,"301 NE 100th St #100, Seattle, WA 98125",,,http://www.cwtitle.com/,ChIJ9WywCf8TkFQRJrz_Epca1jU,false,false,false,false
c88ce76c-3235-45f4-9c93-421b5cdc18dd,PCC Community Markets - Green Lake Village Co-op,,,(206) 729-5075,"450 NE 71st St, Seattle, WA 98115",,,https://www.pccmarkets.com/stores/greenlake-village/?utm_source=google&utm_medium=gmb&utm_campaign=green_village,ChIJy5gpCW0UkFQRKpmjS5yE7Xo,false,false,false,false
c90d9faf-5203-446b-a8d0-63d030a26cc6,AmAm Hair Salon,,,(206) 405-0539,"11702 15th Ave NE, Seattle, WA 98125",,,,ChIJP-oWYTIRkFQRGOxSHw_ON8Q,false,false,false,false
cc03e76b-ca2b-4c80-8199-72deed5772dd,Hampton Inn & Suites by Hilton Seattle/Northgate,,,(206) 522-6991,"9550 1st Ave NE, Seattle, WA 98115",,,https://www.hilton.com/en/hotels/seanghx-hampton-suites-seattle-northgate/?SEO_id=GMB-AMER-HX-SEANGHX&y_source=1_NDA5MDc5MS03MTUtbG9jYXRpb24ud2Vic2l0ZQ%3D%3D,ChIJwVhBjQAUkFQRwTOaoHKf5Zk,false,false,false,false
d08f2bfa-4e45-447d-9a1f-38e5dca04388,Lilith Clinic,,,(206) 985-9553,"9730 3rd Ave NE #200, Seattle, WA 98115",,,https://lilithclinic.com/,ChIJo6LAa_8TkFQRQPjfDe9bebU,false,false,false,false
d2ff0022-c102-4f18-9083-74566cd2f252,Morina Counseling,,,(206) 429-9670,"9221 Roosevelt Way NE Ste B, Seattle, WA 98115",,,https://www.morinacounseling.com/,ChIJO26OsfkTkFQR2MWE7kQLT5E,false,false,false,false
d376d98e-85fd-4eb7-9920-2973226716d4,Topz Hair Design,,,(206) 517-4577,"8901A Roosevelt Way NE, Seattle, WA 98115",,,http://topzhair.com/,ChIJu6GW2mMUkFQRozAYcJ-2Ub0,false,false,false,false
d5d47e2c-37e2-4b51-a6be-7a0cafa1f7e9,Five Guys,,,(206) 729-5028,"311 NE 103rd St, Seattle, WA 98125",,,https://restaurants.fiveguys.com/311-ne-103rd-street,ChIJQUO7Lf4TkFQRHzkQ2KpdkIc,false,false,false,false
d8657483-5ae4-41fe-a5cf-eaf7996b8084,Maple Leaf Pet Corner,,,(206) 522-8335,"8300 Lake City Way NE, Seattle, WA 98115",,,http://mapleleafpetcorner.com/,ChIJZ2lc_vQTkFQRXTxuiyKdYmQ,false,false,false,false
da80e84f-c523-46c9-8896-7a588ba7dfed,Northgate Pointe,,,,"11300 Pinehurst Way NE, Seattle, WA 98125",,,,ChIJ2UJrnFkRkFQRhHQYWTPW1SE,false,false,false,false
de5c94e8-a312-4ae3-bf1e-4c514b5d391d,Northgate,,,,"Seattle, WA 98125, USA",,,https://www.soundtransit.org/ride-with-us/stops-stations/northgate-station,ChIJ80dxYFURkFQRtIsEJYgvb-M,false,false,false,false
de6658c5-b119-496f-acce-af008814323f,Georgia's Greek Food Truck,,,(206) 783-1228,"8007 Lake City Way NE, Seattle, WA 98115",,,https://www.seattlefoodtruck.com/food-trucks/georgia-s-greek-food-truck?fbclid=PAZXh0bgNhZW0CMTEAAafXVef7Q_zBXq-PblK8dLjBYiI3Q6Hb2gw4I69H03fIRDIGOzrHe05jcYvvyQ_aem_1_T8GLRjWMa1vZ6Gb9qpIw,ChIJAWyXziAUkFQRuVaLnq1Jl48,false,false,false,false
defe708c-5268-4eed-931c-1d3f478a59c2,Super Hair Salon,,,(206) 526-0569,"8072 Lake City Way NE A, Seattle, WA 98115",,,,ChIJE_EYngoUkFQRMvqsrAZ5wE0,false,false,false,false
e0c5982a-2f3c-4676-bc36-212872d36488,Sip Sip Soda,,,(206) 372-5116,"9623 15th Ave NE, Seattle, WA 98115",,,,ChIJix0nAcITkFQRc8pAf5vDelM,false,false,false,false
e207358f-6a73-4e4d-81f4-fa333391ec0a,Roanoke Group Inc,,,(206) 527-8414,"9505 Roosevelt Way NE, Seattle, WA 98115",,,http://www.roanokegroup.net/,ChIJyezZCfkTkFQRypJv9pXhl5w,false,false,false,false
e3ecb19c-e967-4984-bad5-621050cf3da0,Maple Leaf Dental,,,(206) 402-3402,"7750 15th Ave NE Suite A, Seattle, WA 98115",,,http://mapleleafdental.com/,ChIJ73PY63BBkFQR9UOaSIjThgE,false,false,false,false
e49b996c-d141-478f-b758-da30edd946d4,Northgate Executive Center,,,(206) 420-4352,"155 NE 100th St, Seattle, WA 98125",,,,ChIJdSfEhv8TkFQRWxnrfYwdOz0,false,false,false,false
e4fdc6c1-7de5-4e3d-ba61-8051c0850296,The Banana Stand,,,(206) 402-6135,"8929 Roosevelt Way NE, Seattle, WA 98115",,,http://themaplebanana.com/,ChIJW-CX62ETkFQRWANui6ltZno,false,false,false,false
e5615bb5-d8a3-426e-8cc1-2868f6d846f0,Linda James M Ed Ms,,,(206) 724-6857,"9500 Roosevelt Way NE, Seattle, WA 98115",,,https://lindajamestherapy.net/,ChIJVZggsvkTkFQRnQSu1mpIzH0,false,false,false,false
e5a821ac-4302-4987-a80b-718f4dc1a8f5,Mojito,,,(206) 525-3162,"8511 Roosevelt Way NE, Seattle, WA 98115",,,http://www.mojitoseattle.com/,ChIJi5Mg6GMUkFQRrk0pLKY_FLY,false,false,false,false
e8518166-fb18-4209-ac1c-b8365564e6e9,Tian Fu Seattle,,,(425) 410-6382,"300 NE Northgate Way, Seattle, WA 98125",,,https://www.ordertogo.com/tianfu,ChIJ-wqz0XYRkFQR5MqxsG-3xno,false,false,false,false
eccc3621-7b68-434e-948c-113eb3fbc224,Retreat,,,(206) 644-8331,"6900 East Green Lake Way N, Seattle, WA 98115",,,https://www.retreat-greenlake.com/,ChIJk-edY2wUkFQR8LsbiKjpjhs,false,false,false,false
ed09ae23-e1f5-437d-8e4e-77a2a74daa3d,Fifth Avenue Professional Center,,,,"10564 5th Ave NE, Seattle, WA 98125",,,,ChIJXWtOW1YRkFQRVENXASqspHc,false,false,false,false
ed5eb787-6b1b-49e3-bb2b-9054013e9a14,"Dr. Noreen Lalani, ND, LAc",,,(206) 525-8078,"11300 Roosevelt Way NE Suite 200, Seattle, WA 98125",,,http://www.mapleleafwellness.com/,ChIJnRRrJ_gTkFQRNQCpDFzFbOY,false,false,false,false
eda0f5be-e90d-4820-929b-ef6879aac36d,Thai Fusion Bistro,,,(206) 268-0787,"323 NE Thornton Pl, Seattle, WA 98125",,,http://www.thaifusionbistro.com/,ChIJMwubgifYmVQR7MPXSpozKsc,false,false,false,false
edcc9a3b-0db8-4bd0-be8b-3ab0684a0d0b,Ace Handyman Services North Seattle,,,(206) 413-9812,"9618 Roosevelt Way NE, Seattle, WA 98115",,,https://www.acehandymanservices.com/offices/north-seattle?utm_source=google&utm_medium=gmb&utm_campaign=Google%20Business%20Profile%20(GBP/Pin),ChIJvfpvlpcTkFQR0YjrdO28dv8,false,false,true,true
ee0a374d-1af2-425a-950f-ff21cdfef214,Fedelta Home Care - Seattle,,,(206) 681-1464,"9725 3rd Ave NE Suite 301, Seattle, WA 98115",,,https://fedeltahomecare.com/?utm_source=google&utm_medium=organic&utm_campaign=northgate-gbp,ChIJIzvUkf8TkFQR_9HlI4NRCk4,false,false,false,false
ee6f18dd-d2d5-47dc-befd-36b1448befe1,Curo Health Services,,,(206) 525-1090,"Northgate Office Building, 9750 3rd Ave NE, Seattle, WA 98115",,,,ChIJHfdvDf8TkFQRlmvurtBpYYQ,false,false,false,false
ef00b93a-4a47-4ad7-8eb9-231fcaffb3d6,WaFd Bank,,,(206) 365-8200,"10712 5th Ave NE Suite A, Seattle, WA 98125",,,https://www.wafdbank.com/locations/washington/seattle/jackson-park?utm_source=google&utm_medium=yext,ChIJDbOLiQ0RkFQRJKp95VlUaQg,false,false,false,false
f85ad302-e6c9-4f80-bf7a-84a7ec9d88a9,Connexion Insurance Solutions,,,(800) 228-5798,"9725 3rd Ave NE #110, Seattle, WA 98115",,,http://www.connexioninsurance.com/,ChIJg7KPRaUakFQRgqa-E58-k8g,false,false,false,false
fa78758f-ce96-4592-b53c-75e5679fd14a,Bakery Honore,,,(206) 257-5286,"8056 Lake City Way NE, Seattle, WA 98115",,,https://bakeryhonore.com/,ChIJSfKfy_MVkFQRkSiLcVEfTIo,false,false,false,false
fc358c74-fa76-4aaa-aae1-28d17c8ca5d4,Green Lake Health Center,,,(206) 527-9709,"9714 3rd Ave NE #103, Seattle, WA 98115",,,https://www.greenlakehealth.com/,ChIJx2SbRFYRkFQRkve1qKc950c,false,false,false,false
fcae5ddc-3c12-4254-a6ed-9607400304be,"Maple Leaf Physical Therapy & Randi Sundby MSPT, AT Ret.",,,(206) 524-1058,"9518 Roosevelt Way NE, Seattle, WA 98115",,,http://www.mapleleafphysicaltherapy.com/,ChIJ2ZoSsPkTkFQR6clYQ6LlYLE,false,false,false,false
fdfbf2a0-0852-4a3a-85bf-3052e9c67557,Home Cake Decorating Supply Co,,,(206) 522-4300,"9514 Roosevelt Way NE, Seattle, WA 98115",,,http://homecakedecorating.com/,ChIJI9CodfkTkFQREK4G6qBVO-g,false,false,false,false
fe09f0bb-5bbd-484f-bb01-9dcdc997e0b7,Kraken Community Iceplex,,,(206) 279-7770,"10601 5th Ave NE, Seattle, WA 98125",,,https://www.krakencommunityiceplex.com/,ChIJkwdPEycRkFQRzh2ZWoRmw9E,false,false,false,false
fede8b18-ecc9-4fe7-88c6-08b6fd9bc6ab,Bob Goettle MA LMHC,,,(206) 372-8400,"9221 Roosevelt Way NE, Seattle, WA 98115",,,http://www.bobgoettle.com/,ChIJiaaShy0VkFQRG2G22yMB5PY,false,false,false,false