id,person_id,route_id,date_delivered,leaflet_id,leaflet_count,is_skipped,response,responded_at,leaflets_delivered,leaflets_leftover,building_contact_name,building_contact_email,building_contact_phone,building_contact_is_deliverer,created_at,updated_at,comm_pre_distribution_reminder_sent_at,comm_completion_followup_sent_at
00ea2119-be18-4936-be6b-3b97d289819a,,b08b6b8c-3463-4f84-a9e7-8c8714d75257,,c291cb16-72e4-44a7-a5f7-830d575b39c3,13,false,pending,,,,,,,false,2026-06-22 17:24:16.772363+00,2026-06-22 20:50:21.415+00,,
02078f94-e182-4dd7-92de-cb72664e05f8,,50de2b22-9e58-468e-974a-e6091290a906,,c291cb16-72e4-44a7-a5f7-830d575b39c3,22,false,pending,,,,,,,false,2026-06-22 17:24:16.772363+00,2026-06-22 20:50:21.415+00,,
064c6a60-5bbf-49eb-a61a-d65498aeb51c,,8d5f5b9b-8d12-499b-8a01-5def7a9821cd,,c291cb16-72e4-44a7-a5f7-830d575b39c3,40,false,pending,,,,,,,false,2026-06-22 17:24:16.772363+00,2026-06-22 20:50:21.415+00,,
06a3f223-7f07-43cf-8741-61dca557aa4a,7b33a646-ee36-4243-8423-331ea1162eeb,fc7b99bb-7dd8-4681-a8ef-1629c143e995,,c291cb16-72e4-44a7-a5f7-830d575b39c3,41,false,confirmed,2026-06-22 20:51:44.559+00,,,,,,false,2026-06-22 17:24:16.772363+00,2026-06-22 20:51:44.559+00,,
06ade8a8-eb72-44e5-977d-4734843cb6c8,,5f2b71aa-cafc-4c93-a52a-d208a3e17320,,c291cb16-72e4-44a7-a5f7-830d575b39c3,10,false,pending,,,,,,,false,2026-06-22 17:24:16.772363+00,2026-06-22 20:50:21.415+00,,
08d69ac0-b027-4323-ab8c-b57e165c4b38,,003a2509-28f8-4e5a-8dd0-f5b4557c4098,,c291cb16-72e4-44a7-a5f7-830d575b39c3,21,false,pending,,,,,,,false,2026-06-22 17:24:16.772363+00,2026-06-22 20:50:21.415+00,,
096af118-2da6-47fe-9a06-948a238a2396,,36992fdf-f1c0-4ece-98e4-0c599c252aa8,,c291cb16-72e4-44a7-a5f7-830d575b39c3,45,false,pending,,,,,,,false,2026-06-22 17:24:16.772363+00,2026-06-22 20:50:21.415+00,,
0ad18711-66e2-4abd-b42b-ece2cab6f027,,e90ee1f7-9f51-498c-9303-97814427118b,,c291cb16-72e4-44a7-a5f7-830d575b39c3,49,false,pending,,,,,,,false,2026-06-22 17:24:16.772363+00,2026-06-22 20:50:21.415+00,,
0c1608e8-90dd-4d3c-9875-31b532e445c8,,44fbd79f-425f-4819-b7cf-89260c25aab0,,c291cb16-72e4-44a7-a5f7-830d575b39c3,10,false,pending,,,,,,,false,2026-06-22 17:24:16.772363+00,2026-06-22 20:50:21.415+00,,
0d9ac2b4-31b0-43f1-aa95-dc5207154407,,1fcfea22-b0f0-479b-bbd6-849178bddcb2,,c291cb16-72e4-44a7-a5f7-830d575b39c3,13,false,pending,,,,,,,false,2026-06-22 17:24:16.772363+00,2026-06-22 20:50:21.415+00,,
0eb1fce6-e92e-46db-b9c3-393e6ba5a31e,,1dac06d1-3733-4021-bd36-eb427e562ef2,,c291cb16-72e4-44a7-a5f7-830d575b39c3,28,false,pending,,,,,,,false,2026-06-22 17:24:16.772363+00,2026-06-22 20:50:21.415+00,,
0fa2ed87-0a2d-4a31-ac2d-743bb6ab5207,,fbdbed4a-d982-4047-94f2-f39536663708,,c291cb16-72e4-44a7-a5f7-830d575b39c3,50,false,pending,,,,,,,false,2026-06-22 17:24:16.772363+00,2026-06-22 20:50:21.415+00,,
1204b825-2130-4287-a86f-207b8c55f698,,4c6ab1cd-19f6-4e32-98ea-f06649ef71da,,c291cb16-72e4-44a7-a5f7-830d575b39c3,20,false,pending,,,,,,,false,2026-06-22 17:24:16.772363+00,2026-06-22 20:50:21.415+00,,
12176e35-86ed-4cee-8564-adfd0e781323,,684d5891-6da4-4fe7-a4e9-743ef9b4eada,,c291cb16-72e4-44a7-a5f7-830d575b39c3,17,false,pending,,,,,,,false,2026-06-22 17:24:16.772363+00,2026-06-22 20:50:21.415+00,,
14197f8d-d34b-4d67-917a-7ea9bf490c9f,,22d1f4b3-4ac7-4dfc-b96e-9729e6bd3c3d,,c291cb16-72e4-44a7-a5f7-830d575b39c3,30,false,pending,,,,,,,false,2026-06-22 17:24:16.772363+00,2026-06-22 20:50:21.415+00,,
14720c1a-b865-43f9-9bd3-3f47c3fd9ef4,,1c73cb8a-d1c4-452e-8a8a-09ebe2dcd022,,c291cb16-72e4-44a7-a5f7-830d575b39c3,48,false,pending,,,,,,,false,2026-06-22 17:24:16.772363+00,2026-06-22 20:50:21.415+00,,
151dfa42-29a9-46ec-967c-e14d0ed42c22,,f2b2a3fc-bd36-4273-aeb3-227d56e45b53,,c291cb16-72e4-44a7-a5f7-830d575b39c3,50,false,pending,,,,,,,false,2026-06-22 17:24:16.772363+00,2026-06-22 20:50:21.415+00,,
155bd919-3be7-47fb-ad6c-70608b3d1d12,,ba8e25c8-9f02-45be-8c3c-55b12ed91832,,c291cb16-72e4-44a7-a5f7-830d575b39c3,0,false,pending,,,,,,,false,2026-06-22 17:24:16.772363+00,2026-06-22 20:50:21.415+00,,
17381e1b-16fc-4776-96c1-55eed07d714b,,ff8fc968-a64a-4b58-9073-169acb66183b,,c291cb16-72e4-44a7-a5f7-830d575b39c3,25,false,pending,,,,,,,false,2026-06-22 17:24:16.772363+00,2026-06-22 20:50:21.415+00,,
1ac1e265-4570-44e4-8302-6b5ace053e99,,c5bbf716-b15f-4ec9-85cb-e11d5613b705,,c291cb16-72e4-44a7-a5f7-830d575b39c3,46,false,pending,,,,,,,false,2026-06-22 17:24:16.772363+00,2026-06-22 20:50:21.415+00,,
1e13817e-cf2e-45b3-b37b-39afddc2efcf,,a5460496-20b9-4e71-9a21-f9178f3f4a44,,c291cb16-72e4-44a7-a5f7-830d575b39c3,25,false,pending,,,,,,,false,2026-06-22 17:24:16.772363+00,2026-06-22 20:50:21.415+00,,
1ee6a784-5518-45cb-9945-f0613ed5fb8b,,8b4e0e49-8a89-410e-83b7-722aa3c2c67c,,c291cb16-72e4-44a7-a5f7-830d575b39c3,50,false,pending,,,,,,,false,2026-06-22 17:24:16.772363+00,2026-06-22 20:50:21.415+00,,
21fd2e06-04cb-429c-a03a-d0cf969b0ace,,7afb6644-a2ad-4230-9388-3d3c3658f695,,c291cb16-72e4-44a7-a5f7-830d575b39c3,15,false,pending,,,,,,,false,2026-06-22 17:24:16.772363+00,2026-06-22 20:50:21.415+00,,
21fdb9a9-6a24-42fb-b688-abf4ea3fefb2,,9da2a05d-806e-4419-8678-e923c2b1fdc0,,c291cb16-72e4-44a7-a5f7-830d575b39c3,40,false,pending,,,,,,,false,2026-06-22 17:24:16.772363+00,2026-06-22 20:50:21.415+00,,
227aa367-4e41-4225-9804-c29fb8831c4b,,1905c802-1566-491f-8bce-2236873fe958,,c291cb16-72e4-44a7-a5f7-830d575b39c3,50,false,pending,,,,,,,false,2026-06-22 17:24:16.772363+00,2026-06-22 20:50:21.415+00,,
23cfa6e5-2c36-4e68-a188-2a40542bac5f,,bf64f142-a2cc-4a5f-9cd9-7bc410c7bbd0,,c291cb16-72e4-44a7-a5f7-830d575b39c3,14,false,pending,,,,,,,false,2026-06-22 17:24:16.772363+00,2026-06-22 20:50:21.415+00,,
2539fa36-b43d-49f5-a9f7-2784e2d5939e,,6c055178-854e-478c-8e04-9b6d347a3b33,,c291cb16-72e4-44a7-a5f7-830d575b39c3,0,false,pending,,,,,,,false,2026-06-22 17:24:16.772363+00,2026-06-22 20:50:21.415+00,,
268d809f-2785-4722-8c12-bb0eee883905,,bc6a4c56-145d-42a9-8906-194e25a5a5c7,,c291cb16-72e4-44a7-a5f7-830d575b39c3,8,false,pending,,,,,,,false,2026-06-22 17:24:16.772363+00,2026-06-22 20:50:21.415+00,,
2773aab0-6e6f-4f42-b39a-b27804e346c7,,7703056a-72c1-4b4d-8e7f-baa906581543,,c291cb16-72e4-44a7-a5f7-830d575b39c3,15,false,pending,,,,,,,false,2026-06-22 17:24:16.772363+00,2026-06-22 20:50:21.415+00,,
2ac49eaa-641c-407f-82b5-c86131fa033b,,4ab6f1ca-1cdb-452c-b1ef-bfa4559a4c84,,c291cb16-72e4-44a7-a5f7-830d575b39c3,10,false,pending,,,,,,,false,2026-06-22 17:24:16.772363+00,2026-06-22 20:50:21.415+00,,
32050607-f7f3-4a65-a7bc-a7d604365113,,f87f9fd3-6773-4d17-a072-25681ba09099,,c291cb16-72e4-44a7-a5f7-830d575b39c3,46,false,pending,,,,,,,false,2026-06-22 17:24:16.772363+00,2026-06-22 20:50:21.415+00,,
32ba9991-4aba-4b3e-b8de-e2b8e996fade,,ed1ef53d-5fca-46b7-aa96-a21f2a9df63c,,c291cb16-72e4-44a7-a5f7-830d575b39c3,50,false,pending,,,,,,,false,2026-06-22 17:24:16.772363+00,2026-06-22 20:50:21.415+00,,
33419217-d64a-4e1e-8b18-58de7eae000d,,13b95e43-84d8-47ca-ba5c-0f74e12dcd9f,,c291cb16-72e4-44a7-a5f7-830d575b39c3,47,false,pending,,,,,,,false,2026-06-22 17:24:16.772363+00,2026-06-22 20:50:21.415+00,,
34357194-0051-48ac-87b4-cb39c110c70c,,003e52f5-9bf3-4ae4-8c12-df7d90cfaddd,,c291cb16-72e4-44a7-a5f7-830d575b39c3,58,false,pending,,,,,,,false,2026-06-22 17:24:16.772363+00,2026-06-22 20:50:21.415+00,,
3777e299-2267-470d-b0e6-05bacf6f63be,,7efd6d09-b2db-4dce-978b-2beb9964915a,,c291cb16-72e4-44a7-a5f7-830d575b39c3,28,false,pending,,,,,,,false,2026-06-22 17:24:16.772363+00,2026-06-22 20:50:21.415+00,,
38a90cc6-e0c6-404d-8978-d81979b27b1b,,600b7043-627a-4b58-a601-f05a06c7d154,,c291cb16-72e4-44a7-a5f7-830d575b39c3,21,false,pending,,,,,,,false,2026-06-22 17:24:16.772363+00,2026-06-22 20:50:21.415+00,,
3a0476ff-02b2-45a8-afc3-a0823573e380,,bfcdd321-5af7-4ffa-bf89-98d4958ae359,,c291cb16-72e4-44a7-a5f7-830d575b39c3,32,false,pending,,,,,,,false,2026-06-22 17:24:16.772363+00,2026-06-22 20:50:21.415+00,,
3bbf3154-511c-4a7d-8f19-fcc7929bee25,,32850caf-812d-44c7-ad1f-c2c98f351519,,c291cb16-72e4-44a7-a5f7-830d575b39c3,0,false,pending,,,,,,,false,2026-06-22 17:24:16.772363+00,2026-06-22 20:50:21.415+00,,
3ee77e9e-478c-4c09-9503-c39bf2dc8042,,4b17d99d-1966-4799-ba50-75a80b11ab89,,c291cb16-72e4-44a7-a5f7-830d575b39c3,12,false,pending,,,,,,,false,2026-06-22 17:24:16.772363+00,2026-06-22 20:50:21.415+00,,
3f477189-c7c1-4285-a7cf-b2b4d5d0f444,,213ec502-3ea7-4283-a02b-caf0ba16e554,,c291cb16-72e4-44a7-a5f7-830d575b39c3,26,false,pending,,,,,,,false,2026-06-22 17:24:16.772363+00,2026-06-22 20:50:21.415+00,,
455b3fae-ffb8-42ff-a626-da2faf8a2882,,330701ea-a47e-46ae-801c-6527774d8ff0,,c291cb16-72e4-44a7-a5f7-830d575b39c3,25,false,pending,,,,,,,false,2026-06-22 17:24:16.772363+00,2026-06-22 20:50:21.415+00,,
466ecb9f-d441-44a1-9530-22ca533604ed,,62c98464-666c-4a64-a304-7b31b1217cbb,,c291cb16-72e4-44a7-a5f7-830d575b39c3,45,false,pending,,,,,,,false,2026-06-22 17:24:16.772363+00,2026-06-22 20:50:21.415+00,,
47893c9d-6c46-420f-b1dc-f4a02a6c7382,,826bf6aa-2aae-426b-80bd-25dfafbd17ab,,c291cb16-72e4-44a7-a5f7-830d575b39c3,50,false,pending,,,,,,,false,2026-06-22 17:24:16.772363+00,2026-06-22 20:50:21.415+00,,
47e3d2f5-58f2-451e-a643-a3f204d3f678,,ca0b601e-acee-42b7-ae97-901d1023bdf0,,c291cb16-72e4-44a7-a5f7-830d575b39c3,32,false,pending,,,,,,,false,2026-06-22 17:24:16.772363+00,2026-06-22 20:50:21.415+00,,
4aba5f4b-a212-46ac-b06b-3e00abb2e44b,,ff3c639b-17ac-4d4d-8a92-1a87a9b7ef33,,c291cb16-72e4-44a7-a5f7-830d575b39c3,0,false,pending,,,,,,,false,2026-06-22 17:24:16.772363+00,2026-06-22 20:50:21.415+00,,
4ddf66e6-f435-4444-b009-56bfb6cb3ef1,,d4c3277a-881a-4559-8f83-6523b60ade88,,c291cb16-72e4-44a7-a5f7-830d575b39c3,54,false,pending,,,,,,,false,2026-06-22 17:24:16.772363+00,2026-06-22 20:50:21.415+00,,
4e5918b8-8652-48fa-b265-efca1099a73a,,1a4d9d42-01d9-41c1-9d87-e48ec4b930b1,,c291cb16-72e4-44a7-a5f7-830d575b39c3,16,false,pending,,,,,,,false,2026-06-22 17:24:16.772363+00,2026-06-22 20:50:21.415+00,,
4e6bd4cc-ae0a-451a-b83e-d2c693843fb2,,553bb081-4022-4b49-ac2b-62c2450584b9,,c291cb16-72e4-44a7-a5f7-830d575b39c3,28,false,pending,,,,,,,false,2026-06-22 17:24:16.772363+00,2026-06-22 20:50:21.415+00,,
4f215fee-2599-45ad-9944-df3899661e52,,7c2c860a-33e4-4495-a2e0-87456831c1b2,,c291cb16-72e4-44a7-a5f7-830d575b39c3,15,false,pending,,,,,,,false,2026-06-22 17:24:16.772363+00,2026-06-22 20:50:21.415+00,,
51df39d7-12ba-41bc-89b7-1356e10d0df2,,a43d6185-5fe8-4afb-a9be-42f6c7411baa,,c291cb16-72e4-44a7-a5f7-830d575b39c3,20,false,pending,,,,,,,false,2026-06-22 17:24:16.772363+00,2026-06-22 20:50:21.415+00,,
541015de-e98d-405d-8e28-c766a5ed033e,,61f70a34-3f55-44af-a1fa-40092a81821a,,c291cb16-72e4-44a7-a5f7-830d575b39c3,6,false,pending,,,,,,,false,2026-06-22 17:24:16.772363+00,2026-06-22 20:50:21.415+00,,
5662d44d-fe5a-4aca-9a18-9c03442b73d9,,50b259d6-c92e-4809-9be4-9ce2ba57a941,,c291cb16-72e4-44a7-a5f7-830d575b39c3,18,false,pending,,,,,,,false,2026-06-22 17:24:16.772363+00,2026-06-22 20:50:21.415+00,,
588b11bb-02ee-4290-a680-6aded4bccda3,,b34b545a-0463-4ca2-ac4f-4bba41632b01,,c291cb16-72e4-44a7-a5f7-830d575b39c3,30,false,pending,,,,,,,false,2026-06-22 17:24:16.772363+00,2026-06-22 20:50:21.415+00,,
591f83e7-5192-4ded-92ad-1aa73d0dc072,,c9142dda-23e4-4b01-b54a-7e0429a87eb8,,c291cb16-72e4-44a7-a5f7-830d575b39c3,46,false,pending,,,,,,,false,2026-06-22 17:24:16.772363+00,2026-06-22 20:50:21.415+00,,
5a3414c3-b691-467e-b978-3a4f5fcaab6b,,1f3993a6-c0fc-4119-a999-340f54579d8c,,c291cb16-72e4-44a7-a5f7-830d575b39c3,34,false,pending,,,,,,,false,2026-06-22 17:24:16.772363+00,2026-06-22 20:50:21.415+00,,
5aa05f17-3b92-4405-be86-3508d9c6ada2,,56a1c613-5216-4062-9792-8d2338e2a7a0,,c291cb16-72e4-44a7-a5f7-830d575b39c3,25,false,pending,,,,,,,false,2026-06-22 17:24:16.772363+00,2026-06-22 20:50:21.415+00,,
5b0d361d-0657-4a9f-97f9-ca17b0d0726f,,dce44264-9d60-49f9-8dbf-567f04bf0817,,c291cb16-72e4-44a7-a5f7-830d575b39c3,50,false,pending,,,,,,,false,2026-06-22 17:24:16.772363+00,2026-06-22 20:50:21.415+00,,
6080500e-9452-4290-9725-4f3057a1efa3,,c5c021ee-41d1-4bda-a471-baa6e2b74d6f,,c291cb16-72e4-44a7-a5f7-830d575b39c3,12,false,pending,,,,,,,false,2026-06-22 17:24:16.772363+00,2026-06-22 20:50:21.415+00,,
653065a9-c871-44b3-a594-94b9a327db4e,,4be97b31-e0c7-4a65-80ed-5bc60596499a,,c291cb16-72e4-44a7-a5f7-830d575b39c3,36,false,pending,,,,,,,false,2026-06-22 17:24:16.772363+00,2026-06-22 20:50:21.415+00,,
666984fb-7142-4272-9ff8-c37a35477dd6,,b279a7f6-2e76-4b1a-a5c7-3aeb01bdeb5d,,c291cb16-72e4-44a7-a5f7-830d575b39c3,25,false,pending,,,,,,,false,2026-06-22 17:24:16.772363+00,2026-06-22 20:50:21.415+00,,
67c3c733-b331-4702-b0ab-22a6425dc9d8,,8bec5646-394c-4802-94d2-e99f16328e01,,c291cb16-72e4-44a7-a5f7-830d575b39c3,31,false,pending,,,,,,,false,2026-06-22 17:24:16.772363+00,2026-06-22 20:50:21.415+00,,
6a2ee1a2-23f3-454f-88f5-172aba83501a,,062a0834-6615-4550-865d-0fa39d244b99,,c291cb16-72e4-44a7-a5f7-830d575b39c3,23,false,pending,,,,,,,false,2026-06-22 17:24:16.772363+00,2026-06-22 20:50:21.415+00,,
6d2390e3-60c4-4da4-b32c-6f9adeb44b61,,bd42b240-8a01-46a2-8141-02f7ea1d0dbe,,c291cb16-72e4-44a7-a5f7-830d575b39c3,8,false,pending,,,,,,,false,2026-06-22 17:24:16.772363+00,2026-06-22 20:50:21.415+00,,
7044b443-c1a5-4537-9b42-a71b1fd77541,,2a4257a9-9fbd-4845-91e5-db35888df2fb,,c291cb16-72e4-44a7-a5f7-830d575b39c3,50,true,needs_cover,2026-06-22 20:51:41.666+00,,,,,,false,2026-06-22 17:24:16.772363+00,2026-06-22 20:51:41.666+00,,
7071d294-0ae6-471a-a0d1-e66a522a903c,,85fe2ab1-af02-40d5-be7e-3c869f60d260,,c291cb16-72e4-44a7-a5f7-830d575b39c3,38,false,pending,,,,,,,false,2026-06-22 17:24:16.772363+00,2026-06-22 20:50:21.415+00,,
7342d34f-a8fc-4483-b36b-762d2aaf5c27,,ba9d9a76-5f7a-4f89-b8f7-2e977a458d85,,c291cb16-72e4-44a7-a5f7-830d575b39c3,48,false,pending,,,,,,,false,2026-06-22 17:24:16.772363+00,2026-06-22 20:50:21.415+00,,
75855ace-30cf-4099-bb34-8ab87ba5a34a,,af6154f7-74b7-4365-9c4c-83cc3a00c89f,,c291cb16-72e4-44a7-a5f7-830d575b39c3,14,false,pending,,,,,,,false,2026-06-22 17:24:16.772363+00,2026-06-22 20:50:21.415+00,,
75c98e89-5c12-4f9a-979c-fa0174ea3bee,,b8e0bd6f-ba9f-42f2-a723-2c80f4013276,,c291cb16-72e4-44a7-a5f7-830d575b39c3,45,false,pending,,,,,,,false,2026-06-22 17:24:16.772363+00,2026-06-22 20:50:21.415+00,,
760ee8a2-ab0b-40f7-a9ee-c24c7045e05c,,b88c5a89-d744-41ff-8ce0-4421d8a321ce,,c291cb16-72e4-44a7-a5f7-830d575b39c3,35,false,pending,,,,,,,false,2026-06-22 17:24:16.772363+00,2026-06-22 20:50:21.415+00,,
79b64ba7-0947-4b7a-b3ec-553f45d110c8,,622f5322-7e2c-4c7e-9935-7cd11a8b32e5,,c291cb16-72e4-44a7-a5f7-830d575b39c3,28,false,pending,,,,,,,false,2026-06-22 17:24:16.772363+00,2026-06-22 20:50:21.415+00,,
7ab5618c-44d9-4e99-9b9d-7c74e1480401,,6cdadaa0-c3fe-40c6-8436-aee7dded9540,,c291cb16-72e4-44a7-a5f7-830d575b39c3,12,false,pending,,,,,,,false,2026-06-22 17:24:16.772363+00,2026-06-22 20:50:21.415+00,,
7ae01372-a687-4e88-a151-f68c18d6ec3d,,0105de96-74f6-4106-8e7c-81a96c0c50df,,c291cb16-72e4-44a7-a5f7-830d575b39c3,0,false,pending,,,,,,,false,2026-06-22 17:24:16.772363+00,2026-06-22 20:50:21.415+00,,
7b274a83-2f3c-4d12-a3dc-2173f8ef52da,,fa6eebdd-74b7-43c2-9a30-13aedd88fbca,,c291cb16-72e4-44a7-a5f7-830d575b39c3,48,false,pending,,,,,,,false,2026-06-22 17:24:16.772363+00,2026-06-22 20:50:21.415+00,,
7e331589-4486-411c-99cd-c682bd53b3b0,,5daf82bf-4a48-4ac3-88cf-c63f90b4cb4e,,c291cb16-72e4-44a7-a5f7-830d575b39c3,15,false,pending,,,,,,,false,2026-06-22 17:24:16.772363+00,2026-06-22 20:50:21.415+00,,
804358fb-3139-4c67-a805-a906ba341aa5,,ae47251a-f3ad-4410-8f91-8c1ad4a3491f,,c291cb16-72e4-44a7-a5f7-830d575b39c3,45,false,pending,,,,,,,false,2026-06-22 17:24:16.772363+00,2026-06-22 20:50:21.415+00,,
81a74cda-b88d-4700-b0e6-d366f40309ba,,a8e29b0b-e471-4c07-9762-6879457c3b31,,c291cb16-72e4-44a7-a5f7-830d575b39c3,45,false,pending,,,,,,,false,2026-06-22 17:24:16.772363+00,2026-06-22 20:50:21.415+00,,
85838cd1-648a-421f-8833-029184195472,,99d636b2-6fcc-4ffc-8041-40bda0b49de7,,c291cb16-72e4-44a7-a5f7-830d575b39c3,38,false,pending,,,,,,,false,2026-06-22 17:24:16.772363+00,2026-06-22 20:50:21.415+00,,
8681734d-1820-4e0c-900c-1ad5491440be,,34a0fdea-86c7-42f8-9787-84c16f3aad07,,c291cb16-72e4-44a7-a5f7-830d575b39c3,15,false,pending,,,,,,,false,2026-06-22 17:24:16.772363+00,2026-06-22 20:50:21.415+00,,
87a7dda2-c997-4002-9ce6-6c0b97646c19,,84f62c0e-2a41-4921-9511-d65b31252a98,,c291cb16-72e4-44a7-a5f7-830d575b39c3,15,false,pending,,,,,,,false,2026-06-22 17:24:16.772363+00,2026-06-22 20:50:21.415+00,,
88f614a9-9b75-4387-ad31-b54171028d39,,b966accd-ae73-4d7c-9ef4-297b2c68296d,,c291cb16-72e4-44a7-a5f7-830d575b39c3,42,false,pending,,,,,,,false,2026-06-22 17:24:16.772363+00,2026-06-22 20:50:21.415+00,,
8a316c1b-351b-44dc-951d-1a21b99ac5b3,,1492341b-db3d-49bc-9ac0-95444023c6c7,,c291cb16-72e4-44a7-a5f7-830d575b39c3,14,false,pending,,,,,,,false,2026-06-22 17:24:16.772363+00,2026-06-22 20:50:21.415+00,,
8a4c9ff4-c73e-4c75-bb4a-0eb270af0ea3,,682215d2-b0c3-490e-9008-a54c4863816b,,c291cb16-72e4-44a7-a5f7-830d575b39c3,25,false,pending,,,,,,,false,2026-06-22 17:24:16.772363+00,2026-06-22 20:50:21.415+00,,
8d5e32a3-9dda-4255-926e-4540826756ca,,e58645f9-5355-42de-b67d-e4ded53ffff9,,c291cb16-72e4-44a7-a5f7-830d575b39c3,69,false,pending,,,,,,,false,2026-06-22 17:24:16.772363+00,2026-06-22 20:50:21.415+00,,
8ff4315a-bf81-4391-bc6c-2ccd46446441,,e362dd0a-5b6b-4648-8d5c-5499eb0564a1,,c291cb16-72e4-44a7-a5f7-830d575b39c3,30,false,pending,,,,,,,false,2026-06-22 17:24:16.772363+00,2026-06-22 20:50:21.415+00,,
908e7657-5d52-42fb-8f5f-62386def9695,,577e21ce-6666-4101-ad6a-28b34f4ed640,,c291cb16-72e4-44a7-a5f7-830d575b39c3,34,false,pending,,,,,,,false,2026-06-22 17:24:16.772363+00,2026-06-22 20:50:21.415+00,,
90e3b04b-64f2-4188-9733-fc1a3601892e,,d5d5fc68-a94f-4fe9-ad7c-aed40dc3bdeb,,c291cb16-72e4-44a7-a5f7-830d575b39c3,19,false,pending,,,,,,,false,2026-06-22 17:24:16.772363+00,2026-06-22 20:50:21.415+00,,
92314ddc-5903-4d71-a2a1-0b8326ebd424,,77b321b4-ba1a-499c-b319-207adccd22e1,,c291cb16-72e4-44a7-a5f7-830d575b39c3,45,false,pending,,,,,,,false,2026-06-22 17:24:16.772363+00,2026-06-22 20:50:21.415+00,,
93f2540b-891a-4d92-ab0e-d4810b3a709f,,5bac07e9-ffde-4b6a-ad6b-823e5bf502dd,,c291cb16-72e4-44a7-a5f7-830d575b39c3,30,false,pending,,,,,,,false,2026-06-22 17:24:16.772363+00,2026-06-22 20:50:21.415+00,,
94df34af-132e-4fb9-b931-a213f499be5c,,e9ca603f-e15d-4823-8339-9abc5f685214,,c291cb16-72e4-44a7-a5f7-830d575b39c3,13,false,pending,,,,,,,false,2026-06-22 17:24:16.772363+00,2026-06-22 20:50:21.415+00,,
94e5ddb7-ed3a-44b2-8df0-d1c57f6091bc,,330d2d14-3051-4147-a6d0-504a79fbfba4,,c291cb16-72e4-44a7-a5f7-830d575b39c3,4,false,pending,,,,,,,false,2026-06-22 17:24:16.772363+00,2026-06-22 20:50:21.415+00,,
994b3431-9720-4c31-9728-e601fce81b70,,a9279af6-e1dd-4d8e-816b-35a3608c4845,,c291cb16-72e4-44a7-a5f7-830d575b39c3,43,false,pending,,,,,,,false,2026-06-22 17:24:16.772363+00,2026-06-22 20:50:21.415+00,,
9d868d88-aed9-4696-b8d7-0a773b5e9f04,,7f31ed6b-ce3d-4300-857e-b0ac53c08713,,c291cb16-72e4-44a7-a5f7-830d575b39c3,47,false,pending,,,,,,,false,2026-06-22 17:24:16.772363+00,2026-06-22 20:50:21.415+00,,
9d971414-0000-4d7c-a982-713a5e4e92d3,,853a878f-bd00-406f-bdf0-12f2d4eac1df,,c291cb16-72e4-44a7-a5f7-830d575b39c3,24,false,pending,,,,,,,false,2026-06-22 17:24:16.772363+00,2026-06-22 20:50:21.415+00,,
9e786f6d-9d93-46de-a5b5-85ca612caf23,,fad7e5e2-de39-4591-a013-31a73a507a6d,,c291cb16-72e4-44a7-a5f7-830d575b39c3,12,false,pending,,,,,,,false,2026-06-22 17:24:16.772363+00,2026-06-22 20:50:21.415+00,,
a10c10c9-259c-473b-8353-ce549aea3ee2,,7af4e861-b215-4c66-bd09-a212009c7771,,c291cb16-72e4-44a7-a5f7-830d575b39c3,8,false,pending,,,,,,,false,2026-06-22 17:24:16.772363+00,2026-06-22 20:50:21.415+00,,
a3782722-f4a8-4c9f-870c-fa3baca7ca71,,6fbdc5f9-074a-4fc7-a799-4feeb2b8705d,,c291cb16-72e4-44a7-a5f7-830d575b39c3,18,false,pending,,,,,,,false,2026-06-22 17:24:16.772363+00,2026-06-22 20:50:21.415+00,,
a5277c06-b359-4657-8ecf-038562927fd4,,0b308d06-d243-4ecc-bdc8-cca417b33c42,,c291cb16-72e4-44a7-a5f7-830d575b39c3,40,false,pending,,,,,,,false,2026-06-22 17:24:16.772363+00,2026-06-22 20:50:21.415+00,,
a68202e3-64ac-40bd-8ab7-74b731deda93,,951f38b2-23cf-45b8-99fc-a64fff483ebf,,c291cb16-72e4-44a7-a5f7-830d575b39c3,37,false,pending,,,,,,,false,2026-06-22 17:24:16.772363+00,2026-06-22 20:50:21.415+00,,
a6ce11a5-256c-4e59-927a-494b40ce9a6d,,1e325ba6-8f1d-4ecd-8c50-926bceb0006e,,c291cb16-72e4-44a7-a5f7-830d575b39c3,44,false,pending,,,,,,,false,2026-06-22 17:24:16.772363+00,2026-06-22 20:50:21.415+00,,
a8e0f2a8-20ed-4c87-9189-d56ae6a89d32,,9a9f3382-60cb-442f-9f54-05e89fa70f15,,c291cb16-72e4-44a7-a5f7-830d575b39c3,48,false,pending,,,,,,,false,2026-06-22 17:24:16.772363+00,2026-06-22 20:50:21.415+00,,
a96724ee-1afe-4a0a-ae4d-050796a4dcbe,,f2b27bbc-8788-497a-a281-449d65f06080,,c291cb16-72e4-44a7-a5f7-830d575b39c3,25,false,pending,,,,,,,false,2026-06-22 17:24:16.772363+00,2026-06-22 20:50:21.415+00,,
ab5bac89-3468-4343-bc22-9e2bfc95fdf2,,57297a32-e206-45b8-a5af-247dd8d7d79a,,c291cb16-72e4-44a7-a5f7-830d575b39c3,17,false,pending,,,,,,,false,2026-06-22 17:24:16.772363+00,2026-06-22 20:50:21.415+00,,
abcafdf9-ec64-4e39-b575-0a7931d9fd7c,,9fad5e40-b1bd-4b7a-89a0-1ce906da81fd,,c291cb16-72e4-44a7-a5f7-830d575b39c3,42,false,pending,,,,,,,false,2026-06-22 17:24:16.772363+00,2026-06-22 20:50:21.415+00,,
aee03b0a-4415-4bac-9dee-d72ce6e38708,,4e9363dd-4cd7-48d9-99b2-d74c0474f36f,,c291cb16-72e4-44a7-a5f7-830d575b39c3,15,false,pending,,,,,,,false,2026-06-22 17:24:16.772363+00,2026-06-22 20:50:21.415+00,,
af79d501-2bd2-4552-abe8-83d9ab3d0918,,cab51984-611d-480a-8cf0-972467904207,,c291cb16-72e4-44a7-a5f7-830d575b39c3,23,false,pending,,,,,,,false,2026-06-22 17:24:16.772363+00,2026-06-22 20:50:21.415+00,,
b0305ed3-a6b8-4551-afb8-3b25a2f27c50,,cc43afa7-8c93-494e-aaea-43e44f7b6086,,c291cb16-72e4-44a7-a5f7-830d575b39c3,46,false,pending,,,,,,,false,2026-06-22 17:24:16.772363+00,2026-06-22 20:50:21.415+00,,
b0918595-ee8b-40e2-bd9c-247e5d424450,,f1e7c21c-70c0-4558-8fd5-6cd7648e800a,,c291cb16-72e4-44a7-a5f7-830d575b39c3,0,false,pending,,,,,,,false,2026-06-22 17:24:16.772363+00,2026-06-22 20:50:21.415+00,,
b3338e97-b805-4bc8-acb5-48cf1fa02164,,418e3e75-d917-4a81-83ac-78115b93b393,,c291cb16-72e4-44a7-a5f7-830d575b39c3,55,false,pending,,,,,,,false,2026-06-22 17:24:16.772363+00,2026-06-22 20:50:21.415+00,,
b33cce69-df11-487e-92fb-43d9991d345f,,7d928d0d-f129-4244-bba6-2f85dfe3452a,,c291cb16-72e4-44a7-a5f7-830d575b39c3,30,false,pending,,,,,,,false,2026-06-22 17:24:16.772363+00,2026-06-22 20:50:21.415+00,,
b61290b1-537a-4627-bc70-b6e594322758,,028dcdc9-ef08-4e60-832d-412139bc5851,,c291cb16-72e4-44a7-a5f7-830d575b39c3,21,false,pending,,,,,,,false,2026-06-22 17:24:16.772363+00,2026-06-22 20:50:21.415+00,,
b7965977-365b-46e2-b2fc-d5a1aac1cc9a,,83a72555-27fa-4d6a-9ea4-d52de97f6d8f,,c291cb16-72e4-44a7-a5f7-830d575b39c3,43,false,pending,,,,,,,false,2026-06-22 17:24:16.772363+00,2026-06-22 20:50:21.415+00,,
b7abb3fc-c509-4864-9eb0-96504a0a519e,,883765bf-131c-42ee-96ae-868cf6acf9d4,,c291cb16-72e4-44a7-a5f7-830d575b39c3,17,false,pending,,,,,,,false,2026-06-22 17:24:16.772363+00,2026-06-22 20:50:21.415+00,,
ba0fad33-e938-460d-94c3-1443c70b98a1,,19568be8-d009-4a63-8fc7-15d9e2bc8bcc,,c291cb16-72e4-44a7-a5f7-830d575b39c3,35,false,pending,,,,,,,false,2026-06-22 17:24:16.772363+00,2026-06-22 20:50:21.415+00,,
bf3d89f0-1e25-4f4f-bd2f-6fb2960eb1ad,,d950631c-8285-4f5b-80bb-49fd5e1f95a6,,c291cb16-72e4-44a7-a5f7-830d575b39c3,44,false,pending,,,,,,,false,2026-06-22 17:24:16.772363+00,2026-06-22 20:50:21.415+00,,
c0a7bf9c-1d1d-4ddf-a0db-3772e558b7b1,,c398756d-7207-4539-89fb-2fcb4afbaa34,,c291cb16-72e4-44a7-a5f7-830d575b39c3,12,false,pending,,,,,,,false,2026-06-22 17:24:16.772363+00,2026-06-22 20:50:21.415+00,,
c1c07e95-3bcb-46ad-89a9-6f85fdecb4a7,,2095cc60-568d-4007-865e-2ae92eadb2bb,,c291cb16-72e4-44a7-a5f7-830d575b39c3,42,false,pending,,,,,,,false,2026-06-22 17:24:16.772363+00,2026-06-22 20:50:21.415+00,,
c49b9816-b7e3-416f-b8ac-41604a8e0309,,f13bfddb-bb6d-437a-8df0-3a25be60f95d,,c291cb16-72e4-44a7-a5f7-830d575b39c3,32,false,pending,,,,,,,false,2026-06-22 17:24:16.772363+00,2026-06-22 20:50:21.415+00,,
c55b4d7c-9c3c-4607-8db0-ea237a76fe47,,1b726462-8232-4c18-8122-268a632b6afb,,c291cb16-72e4-44a7-a5f7-830d575b39c3,30,false,pending,,,,,,,false,2026-06-22 17:24:16.772363+00,2026-06-22 20:50:21.415+00,,
c5c6ce41-7419-42ff-953e-54fbd84f7fc5,,c79bdfb0-4868-4f5c-a362-b61ed8c2f399,,c291cb16-72e4-44a7-a5f7-830d575b39c3,51,false,pending,,,,,,,false,2026-06-22 17:24:16.772363+00,2026-06-22 20:50:21.415+00,,
c88f8d2d-f222-4ebf-9825-6c727410088b,7b33a646-ee36-4243-8423-331ea1162eeb,f2224bec-41c1-46c6-b8c5-4fb9967e7bd4,,c291cb16-72e4-44a7-a5f7-830d575b39c3,36,false,confirmed,2026-06-22 20:51:44.559+00,,,,,,false,2026-06-22 17:24:16.772363+00,2026-06-22 20:51:44.559+00,,
c9f331e6-7323-4329-a21f-2a1d6110f548,,6e78f6b0-f93e-4fe2-ab27-36205d924014,,c291cb16-72e4-44a7-a5f7-830d575b39c3,40,false,pending,,,,,,,false,2026-06-22 17:24:16.772363+00,2026-06-22 20:50:21.415+00,,
ca4fd92b-6fd7-4efb-929a-604a4da5cdd3,,5975b21d-fb9c-46c8-a086-28737395ffa6,,c291cb16-72e4-44a7-a5f7-830d575b39c3,19,false,pending,,,,,,,false,2026-06-22 17:24:16.772363+00,2026-06-22 20:50:21.415+00,,
cbf0647e-f4fd-408e-813a-3c00456ec9fa,,b9f61a8c-73d3-4455-8d49-e0d97a54bf26,,c291cb16-72e4-44a7-a5f7-830d575b39c3,25,false,pending,,,,,,,false,2026-06-22 17:24:16.772363+00,2026-06-22 20:50:21.415+00,,
cc602e5f-22b4-4b36-8468-23bc43503350,,063fb50b-dee1-49dd-a5b7-800b3c60f919,,c291cb16-72e4-44a7-a5f7-830d575b39c3,14,false,pending,,,,,,,false,2026-06-22 17:24:16.772363+00,2026-06-22 20:50:21.415+00,,
cca666f1-40e9-460e-86d3-c5cabe81bdd5,,6f2e6e64-2591-4bc8-8337-f2877014dc24,,c291cb16-72e4-44a7-a5f7-830d575b39c3,40,false,pending,,,,,,,false,2026-06-22 17:24:16.772363+00,2026-06-22 20:50:21.415+00,,
d002a665-1765-46a2-b70d-152cf9d1ba37,,b57173d2-f8ed-4565-9547-bc4996c0c21a,,c291cb16-72e4-44a7-a5f7-830d575b39c3,32,false,pending,,,,,,,false,2026-06-22 17:24:16.772363+00,2026-06-22 20:50:21.415+00,,
d37bfba8-a466-4669-8885-1fff7828a945,,610a5b95-419e-45bb-96b7-2d97165731a0,,c291cb16-72e4-44a7-a5f7-830d575b39c3,50,false,pending,,,,,,,false,2026-06-22 17:24:16.772363+00,2026-06-22 20:50:21.415+00,,
d4b09a5e-fd7d-43c0-9eff-215e86097cca,,a0311f22-1ff8-4369-b6e7-c06580f6cfab,,c291cb16-72e4-44a7-a5f7-830d575b39c3,16,false,pending,,,,,,,false,2026-06-22 17:24:16.772363+00,2026-06-22 20:50:21.415+00,,
d7f39936-1a27-4178-b0a7-f694fc0a7d76,,3c64a273-bdf2-4dab-af90-8d3ac1733057,,c291cb16-72e4-44a7-a5f7-830d575b39c3,35,false,pending,,,,,,,false,2026-06-22 17:24:16.772363+00,2026-06-22 20:50:21.415+00,,
da07dee2-30c4-4911-9680-c8b96bbc6a71,,5164e6c1-5951-47c0-8356-2feee7a880b4,,c291cb16-72e4-44a7-a5f7-830d575b39c3,35,false,pending,,,,,,,false,2026-06-22 17:24:16.772363+00,2026-06-22 20:50:21.415+00,,
dc3dd767-46cd-4f36-844a-7666cf5c4d68,,4f850860-023a-4abc-817d-22c3c95429c2,,c291cb16-72e4-44a7-a5f7-830d575b39c3,45,false,pending,,,,,,,false,2026-06-22 17:24:16.772363+00,2026-06-22 20:50:21.415+00,,
de5d249d-e4bd-499e-bfa0-d26b240f0785,,351dffa2-6e68-4229-9140-ff37fff51d4c,,c291cb16-72e4-44a7-a5f7-830d575b39c3,43,false,pending,,,,,,,false,2026-06-22 17:24:16.772363+00,2026-06-22 20:50:21.415+00,,
e0fba7b6-88c4-4b63-8897-d93423058715,,d7330cb8-0ca7-44db-a503-d388deed2958,,c291cb16-72e4-44a7-a5f7-830d575b39c3,44,false,pending,,,,,,,false,2026-06-22 17:24:16.772363+00,2026-06-22 20:50:21.415+00,,
e2bae8a3-eb95-4984-b004-8c3dae529500,,f9465fbf-39f5-464e-9828-3f6b7215019e,,c291cb16-72e4-44a7-a5f7-830d575b39c3,13,false,pending,,,,,,,false,2026-06-22 17:24:16.772363+00,2026-06-22 20:50:21.415+00,,
e2e5d06c-ac45-40cd-a1ff-28ba9a5ab005,,c7b8a6d0-d25a-4b8a-983b-41d4fd078d07,,c291cb16-72e4-44a7-a5f7-830d575b39c3,20,false,pending,,,,,,,false,2026-06-22 17:24:16.772363+00,2026-06-22 20:50:21.415+00,,
e6342406-384a-4ea2-85bc-561991fe9b7c,,9721731f-c56b-40d5-aa23-548ccc93fa86,,c291cb16-72e4-44a7-a5f7-830d575b39c3,6,false,pending,,,,,,,false,2026-06-22 17:24:16.772363+00,2026-06-22 20:50:21.415+00,,
e83bdbb2-0fa0-4dbf-be37-d1a688316648,,a9ca04c8-6843-4f68-847e-6adc7cf16827,,c291cb16-72e4-44a7-a5f7-830d575b39c3,37,false,pending,,,,,,,false,2026-06-22 17:24:16.772363+00,2026-06-22 20:50:21.415+00,,
e8a3d3fc-1eb0-41e1-9c8c-964a47818f06,,b51a8b39-ae81-46c8-805a-62fd3227a3b1,,c291cb16-72e4-44a7-a5f7-830d575b39c3,0,false,pending,,,,,,,false,2026-06-22 17:24:16.772363+00,2026-06-22 20:50:21.415+00,,
e98497ac-91fa-4a31-bd15-1dafa240550c,,9bf00375-d910-4cb4-bfd7-957a1e3a05a6,,c291cb16-72e4-44a7-a5f7-830d575b39c3,34,false,pending,,,,,,,false,2026-06-22 17:24:16.772363+00,2026-06-22 20:50:21.415+00,,
e9c093e4-0059-4ef3-b5ce-3513a96edf2d,,356fb22d-1831-49c9-907d-a56a28724c40,,c291cb16-72e4-44a7-a5f7-830d575b39c3,26,false,pending,,,,,,,false,2026-06-22 17:24:16.772363+00,2026-06-22 20:50:21.415+00,,
eac21c7d-d80c-436b-ace1-e92b8d2c6a1d,,bd81f2da-0809-4173-987e-2c0ccd827de8,,c291cb16-72e4-44a7-a5f7-830d575b39c3,40,false,pending,,,,,,,false,2026-06-22 17:24:16.772363+00,2026-06-22 20:50:21.415+00,,
ebb92a86-b8b7-4d30-ae26-08c8895d0873,,71355544-ff25-4e75-b17e-6f2e985faecd,,c291cb16-72e4-44a7-a5f7-830d575b39c3,32,false,pending,,,,,,,false,2026-06-22 17:24:16.772363+00,2026-06-22 20:50:21.415+00,,
eccaad1e-d40a-4197-8fcc-55ab126be2b9,,c714d168-f04b-4f59-8975-6ee15379c829,,c291cb16-72e4-44a7-a5f7-830d575b39c3,17,false,pending,,,,,,,false,2026-06-22 17:24:16.772363+00,2026-06-22 20:50:21.415+00,,
ef8ae523-6a5e-4885-b72e-81f8c9057c99,,5c0edd20-2652-4f11-87fc-68f9a3e55fea,,c291cb16-72e4-44a7-a5f7-830d575b39c3,45,false,pending,,,,,,,false,2026-06-22 17:24:16.772363+00,2026-06-22 20:50:21.415+00,,
f04994d5-8965-4c05-b303-6215aaf91949,,70ec8a37-b7c9-481d-a75c-48b4be180281,,c291cb16-72e4-44a7-a5f7-830d575b39c3,47,false,pending,,,,,,,false,2026-06-22 17:24:16.772363+00,2026-06-22 20:50:21.415+00,,
f1c1d143-703b-46d7-811a-a3e60b304a8c,,15e9a654-fefa-473e-b0f3-7db2dd492410,,c291cb16-72e4-44a7-a5f7-830d575b39c3,9,false,pending,,,,,,,false,2026-06-22 17:24:16.772363+00,2026-06-22 20:50:21.415+00,,
f2d71c0b-679a-4474-b703-45247a46d69c,,f71f2514-5f63-4294-ab81-f5198f267cfa,,c291cb16-72e4-44a7-a5f7-830d575b39c3,0,false,pending,,,,,,,false,2026-06-22 17:24:16.772363+00,2026-06-22 20:50:21.415+00,,
f4a0dbd4-27f9-48ba-ba30-cab645604842,,e46a5b11-373d-4914-b56a-fd908bacc791,,c291cb16-72e4-44a7-a5f7-830d575b39c3,45,false,pending,,,,,,,false,2026-06-22 17:24:16.772363+00,2026-06-22 20:50:21.415+00,,
f8c6191a-846f-46c3-9915-c9aa340717db,,703a3f3f-fab1-4a4d-a023-0c560f30fe73,,c291cb16-72e4-44a7-a5f7-830d575b39c3,42,false,pending,,,,,,,false,2026-06-22 17:24:16.772363+00,2026-06-22 20:50:21.415+00,,
fb585106-2aa5-495d-925f-0a0f81d6b434,,c9704601-2772-4e52-a6c4-7ea7783bfec9,,c291cb16-72e4-44a7-a5f7-830d575b39c3,50,false,pending,,,,,,,false,2026-06-22 17:24:16.772363+00,2026-06-22 20:50:21.415+00,,
fbc0fce3-a05b-435e-a8b5-3d67b6483929,,2218aa7d-b2d5-4992-8cc6-f1fe6a9367cf,,c291cb16-72e4-44a7-a5f7-830d575b39c3,17,false,pending,,,,,,,false,2026-06-22 17:24:16.772363+00,2026-06-22 20:50:21.415+00,,
fcbf0100-c2c4-4e1e-aa43-b82365af4ad0,,7fc06b91-a199-4761-94dc-d00ebe650977,,c291cb16-72e4-44a7-a5f7-830d575b39c3,80,false,pending,,,,,,,false,2026-06-22 17:24:16.772363+00,2026-06-22 20:50:21.415+00,,
ffb57d1b-d573-4dd8-9706-800d4f6bd0a1,,7f3cd438-730e-4a1e-8127-5312898c5d7d,,c291cb16-72e4-44a7-a5f7-830d575b39c3,20,false,pending,,,,,,,false,2026-06-22 17:24:16.772363+00,2026-06-22 20:50:21.415+00,,